Driver_ID,Metric_ID,Driver_Family,Forecast_Year,Lower,Central,Upper,Unit,Method,Evidence_IDs,Formula_ID,Materiality,Status
CAPEX_INTENSITY,CAPEX_INTENSITY,PPE,2026,1.74260365,1.79873206,2.02351834,PERCENT,EXACT_CERTIFIED_H3A,CERT-H3A,F-CAPEX_INTENSITY,MATERIAL,RESOLVED
CAPEX_INTENSITY,CAPEX_INTENSITY,PPE,2027,1.77994001,1.85617260,2.06085470,PERCENT,EXACT_CERTIFIED_H3A,CERT-H3A,F-CAPEX_INTENSITY,MATERIAL,RESOLVED
CAPEX_INTENSITY,CAPEX_INTENSITY,PPE,2028,1.80420863,1.89350895,2.08512332,PERCENT,EXACT_CERTIFIED_H3A,CERT-H3A,F-CAPEX_INTENSITY,MATERIAL,RESOLVED
CAPEX_INTENSITY,CAPEX_INTENSITY,PPE,2029,1.81998324,1.91777758,2.10089793,PERCENT,EXACT_CERTIFIED_H3A,CERT-H3A,F-CAPEX_INTENSITY,MATERIAL,RESOLVED
CAPEX_INTENSITY,CAPEX_INTENSITY,PPE,2030,1.83023674,1.93355219,2.11115143,PERCENT,EXACT_CERTIFIED_H3A,CERT-H3A,F-CAPEX_INTENSITY,MATERIAL,RESOLVED
DIO,DIO,WORKING_CAPITAL_DAYS,2026,56.76617205,58.63615767,65.12280877,DAYS,EXACT_CERTIFIED_H3A,CERT-H3A,F-DIO,MATERIAL,RESOLVED
DIO,DIO,WORKING_CAPITAL_DAYS,2027,57.97212051,60.49146299,66.32875723,DAYS,EXACT_CERTIFIED_H3A,CERT-H3A,F-DIO,MATERIAL,RESOLVED
DIO,DIO,WORKING_CAPITAL_DAYS,2028,58.75598701,61.69741145,67.11262373,DAYS,EXACT_CERTIFIED_H3A,CERT-H3A,F-DIO,MATERIAL,RESOLVED
DIO,DIO,WORKING_CAPITAL_DAYS,2029,59.26550023,62.48127795,67.62213695,DAYS,EXACT_CERTIFIED_H3A,CERT-H3A,F-DIO,MATERIAL,RESOLVED
DIO,DIO,WORKING_CAPITAL_DAYS,2030,59.59668383,62.99079117,67.95332055,DAYS,EXACT_CERTIFIED_H3A,CERT-H3A,F-DIO,MATERIAL,RESOLVED
DPO,DPO,WORKING_CAPITAL_DAYS,2026,93.90754002,96.01853589,101.98431327,DAYS,EXACT_CERTIFIED_H3A,CERT-H3A,F-DPO,MATERIAL,RESOLVED
DPO,DPO,WORKING_CAPITAL_DAYS,2027,93.59479131,95.53738403,101.67156456,DAYS,EXACT_CERTIFIED_H3A,CERT-H3A,F-DPO,MATERIAL,RESOLVED
DPO,DPO,WORKING_CAPITAL_DAYS,2028,93.39150465,95.22463532,101.46827790,DAYS,EXACT_CERTIFIED_H3A,CERT-H3A,F-DPO,MATERIAL,RESOLVED
DPO,DPO,WORKING_CAPITAL_DAYS,2029,93.25936832,95.02134866,101.33614157,DAYS,EXACT_CERTIFIED_H3A,CERT-H3A,F-DPO,MATERIAL,RESOLVED
DPO,DPO,WORKING_CAPITAL_DAYS,2030,93.17347971,94.88921233,101.25025296,DAYS,EXACT_CERTIFIED_H3A,CERT-H3A,F-DPO,MATERIAL,RESOLVED
DSO,DSO,WORKING_CAPITAL_DAYS,2026,31.03012812,33.54892592,33.12782342,DAYS,EXACT_CERTIFIED_H3A,CERT-H3A,F-DSO,MATERIAL,RESOLVED
DSO,DSO,WORKING_CAPITAL_DAYS,2027,30.45729110,32.66763820,32.55498640,DAYS,EXACT_CERTIFIED_H3A,CERT-H3A,F-DSO,MATERIAL,RESOLVED
DSO,DSO,WORKING_CAPITAL_DAYS,2028,30.08494704,32.09480119,32.18264234,DAYS,EXACT_CERTIFIED_H3A,CERT-H3A,F-DSO,MATERIAL,RESOLVED
DSO,DSO,WORKING_CAPITAL_DAYS,2029,29.84292340,31.72245713,31.94061870,DAYS,EXACT_CERTIFIED_H3A,CERT-H3A,F-DSO,MATERIAL,RESOLVED
DSO,DSO,WORKING_CAPITAL_DAYS,2030,29.68560803,31.48043349,31.78330334,DAYS,EXACT_CERTIFIED_H3A,CERT-H3A,F-DSO,MATERIAL,RESOLVED
EFFECTIVE_BORROWING_RATE,FINANCING_RATE,DEBT,2026,2.39969780,3.12551540,4.23827407,PERCENT,HISTORICAL_REALIZED_COST_DIAGNOSTIC_ONLY,CERT-H1,F-EIR,MATERIAL,RESOLVED
EVENT_POLICY_BS_GOODWILL,EVENT_POLICY_BS_GOODWILL,GOVERNED_EVENT_POLICY,2026,34256.85900000,34256.85900000,34256.85900000,RMB_MILLION,OPENING_BALANCE_PLUS_SOURCE_PROVEN_ACQUISITION_GOODWILL_MINUS_SOURCE_PROVEN_IMPAIRMENT,CERT-H1|EVENT-POLICY-BS_GOODWILL,F-BS-EVENT-BS_GOODWILL,MATERIAL,RESOLVED
EVENT_POLICY_BS_GOODWILL,EVENT_POLICY_BS_GOODWILL,GOVERNED_EVENT_POLICY,2027,34256.85900000,34256.85900000,34256.85900000,RMB_MILLION,OPENING_BALANCE_PLUS_SOURCE_PROVEN_ACQUISITION_GOODWILL_MINUS_SOURCE_PROVEN_IMPAIRMENT,CERT-H1|EVENT-POLICY-BS_GOODWILL,F-BS-EVENT-BS_GOODWILL,MATERIAL,RESOLVED
EVENT_POLICY_BS_GOODWILL,EVENT_POLICY_BS_GOODWILL,GOVERNED_EVENT_POLICY,2028,34256.85900000,34256.85900000,34256.85900000,RMB_MILLION,OPENING_BALANCE_PLUS_SOURCE_PROVEN_ACQUISITION_GOODWILL_MINUS_SOURCE_PROVEN_IMPAIRMENT,CERT-H1|EVENT-POLICY-BS_GOODWILL,F-BS-EVENT-BS_GOODWILL,MATERIAL,RESOLVED
EVENT_POLICY_BS_GOODWILL,EVENT_POLICY_BS_GOODWILL,GOVERNED_EVENT_POLICY,2029,34256.85900000,34256.85900000,34256.85900000,RMB_MILLION,OPENING_BALANCE_PLUS_SOURCE_PROVEN_ACQUISITION_GOODWILL_MINUS_SOURCE_PROVEN_IMPAIRMENT,CERT-H1|EVENT-POLICY-BS_GOODWILL,F-BS-EVENT-BS_GOODWILL,MATERIAL,RESOLVED
EVENT_POLICY_BS_GOODWILL,EVENT_POLICY_BS_GOODWILL,GOVERNED_EVENT_POLICY,2030,34256.85900000,34256.85900000,34256.85900000,RMB_MILLION,OPENING_BALANCE_PLUS_SOURCE_PROVEN_ACQUISITION_GOODWILL_MINUS_SOURCE_PROVEN_IMPAIRMENT,CERT-H1|EVENT-POLICY-BS_GOODWILL,F-BS-EVENT-BS_GOODWILL,MATERIAL,RESOLVED
EVENT_POLICY_BS_LONG_TERM_INVESTMENTS,EVENT_POLICY_BS_LONG_TERM_INVESTMENTS,GOVERNED_EVENT_POLICY,2026,4775.04400000,4775.04400000,4775.04400000,RMB_MILLION,OPENING_BALANCE_PLUS_SOURCE_PROVEN_INVESTMENT_AND_DISPOSAL_EVENTS,CERT-H1|EVENT-POLICY-BS_LONG_TERM_INVESTMENTS,F-BS-EVENT-BS_LONG_TERM_INVESTMENTS,MATERIAL,RESOLVED
EVENT_POLICY_BS_LONG_TERM_INVESTMENTS,EVENT_POLICY_BS_LONG_TERM_INVESTMENTS,GOVERNED_EVENT_POLICY,2027,4775.04400000,4775.04400000,4775.04400000,RMB_MILLION,OPENING_BALANCE_PLUS_SOURCE_PROVEN_INVESTMENT_AND_DISPOSAL_EVENTS,CERT-H1|EVENT-POLICY-BS_LONG_TERM_INVESTMENTS,F-BS-EVENT-BS_LONG_TERM_INVESTMENTS,MATERIAL,RESOLVED
EVENT_POLICY_BS_LONG_TERM_INVESTMENTS,EVENT_POLICY_BS_LONG_TERM_INVESTMENTS,GOVERNED_EVENT_POLICY,2028,4775.04400000,4775.04400000,4775.04400000,RMB_MILLION,OPENING_BALANCE_PLUS_SOURCE_PROVEN_INVESTMENT_AND_DISPOSAL_EVENTS,CERT-H1|EVENT-POLICY-BS_LONG_TERM_INVESTMENTS,F-BS-EVENT-BS_LONG_TERM_INVESTMENTS,MATERIAL,RESOLVED
EVENT_POLICY_BS_LONG_TERM_INVESTMENTS,EVENT_POLICY_BS_LONG_TERM_INVESTMENTS,GOVERNED_EVENT_POLICY,2029,4775.04400000,4775.04400000,4775.04400000,RMB_MILLION,OPENING_BALANCE_PLUS_SOURCE_PROVEN_INVESTMENT_AND_DISPOSAL_EVENTS,CERT-H1|EVENT-POLICY-BS_LONG_TERM_INVESTMENTS,F-BS-EVENT-BS_LONG_TERM_INVESTMENTS,MATERIAL,RESOLVED
EVENT_POLICY_BS_LONG_TERM_INVESTMENTS,EVENT_POLICY_BS_LONG_TERM_INVESTMENTS,GOVERNED_EVENT_POLICY,2030,4775.04400000,4775.04400000,4775.04400000,RMB_MILLION,OPENING_BALANCE_PLUS_SOURCE_PROVEN_INVESTMENT_AND_DISPOSAL_EVENTS,CERT-H1|EVENT-POLICY-BS_LONG_TERM_INVESTMENTS,F-BS-EVENT-BS_LONG_TERM_INVESTMENTS,MATERIAL,RESOLVED
EVENT_POLICY_BS_OTHER_NONCURRENT_FINANCIAL_ASSETS,EVENT_POLICY_BS_OTHER_NONCURRENT_FINANCIAL_ASSETS,GOVERNED_EVENT_POLICY,2026,4786.08900000,4786.08900000,4786.08900000,RMB_MILLION,OPENING_BALANCE_PLUS_SOURCE_PROVEN_EVENTS,CERT-H1|EVENT-POLICY-BS_OTHER_NONCURRENT_FINANCIAL_ASSETS,F-BS-EVENT-BS_OTHER_NONCURRENT_FINANCIAL_ASSETS,MATERIAL,RESOLVED
EVENT_POLICY_BS_OTHER_NONCURRENT_FINANCIAL_ASSETS,EVENT_POLICY_BS_OTHER_NONCURRENT_FINANCIAL_ASSETS,GOVERNED_EVENT_POLICY,2027,4786.08900000,4786.08900000,4786.08900000,RMB_MILLION,OPENING_BALANCE_PLUS_SOURCE_PROVEN_EVENTS,CERT-H1|EVENT-POLICY-BS_OTHER_NONCURRENT_FINANCIAL_ASSETS,F-BS-EVENT-BS_OTHER_NONCURRENT_FINANCIAL_ASSETS,MATERIAL,RESOLVED
EVENT_POLICY_BS_OTHER_NONCURRENT_FINANCIAL_ASSETS,EVENT_POLICY_BS_OTHER_NONCURRENT_FINANCIAL_ASSETS,GOVERNED_EVENT_POLICY,2028,4786.08900000,4786.08900000,4786.08900000,RMB_MILLION,OPENING_BALANCE_PLUS_SOURCE_PROVEN_EVENTS,CERT-H1|EVENT-POLICY-BS_OTHER_NONCURRENT_FINANCIAL_ASSETS,F-BS-EVENT-BS_OTHER_NONCURRENT_FINANCIAL_ASSETS,MATERIAL,RESOLVED
EVENT_POLICY_BS_OTHER_NONCURRENT_FINANCIAL_ASSETS,EVENT_POLICY_BS_OTHER_NONCURRENT_FINANCIAL_ASSETS,GOVERNED_EVENT_POLICY,2029,4786.08900000,4786.08900000,4786.08900000,RMB_MILLION,OPENING_BALANCE_PLUS_SOURCE_PROVEN_EVENTS,CERT-H1|EVENT-POLICY-BS_OTHER_NONCURRENT_FINANCIAL_ASSETS,F-BS-EVENT-BS_OTHER_NONCURRENT_FINANCIAL_ASSETS,MATERIAL,RESOLVED
EVENT_POLICY_BS_OTHER_NONCURRENT_FINANCIAL_ASSETS,EVENT_POLICY_BS_OTHER_NONCURRENT_FINANCIAL_ASSETS,GOVERNED_EVENT_POLICY,2030,4786.08900000,4786.08900000,4786.08900000,RMB_MILLION,OPENING_BALANCE_PLUS_SOURCE_PROVEN_EVENTS,CERT-H1|EVENT-POLICY-BS_OTHER_NONCURRENT_FINANCIAL_ASSETS,F-BS-EVENT-BS_OTHER_NONCURRENT_FINANCIAL_ASSETS,MATERIAL,RESOLVED
EVENT_POLICY_BS_RECEIVABLES_FINANCING,EVENT_POLICY_BS_RECEIVABLES_FINANCING,GOVERNED_EVENT_POLICY,2026,14935.34400000,14935.34400000,14935.34400000,RMB_MILLION,OPENING_BALANCE_PLUS_SOURCE_PROVEN_FINANCING_EVENTS,CERT-H1|EVENT-POLICY-BS_RECEIVABLES_FINANCING,F-BS-EVENT-BS_RECEIVABLES_FINANCING,MATERIAL,RESOLVED
EVENT_POLICY_BS_RECEIVABLES_FINANCING,EVENT_POLICY_BS_RECEIVABLES_FINANCING,GOVERNED_EVENT_POLICY,2027,14935.34400000,14935.34400000,14935.34400000,RMB_MILLION,OPENING_BALANCE_PLUS_SOURCE_PROVEN_FINANCING_EVENTS,CERT-H1|EVENT-POLICY-BS_RECEIVABLES_FINANCING,F-BS-EVENT-BS_RECEIVABLES_FINANCING,MATERIAL,RESOLVED
EVENT_POLICY_BS_RECEIVABLES_FINANCING,EVENT_POLICY_BS_RECEIVABLES_FINANCING,GOVERNED_EVENT_POLICY,2028,14935.34400000,14935.34400000,14935.34400000,RMB_MILLION,OPENING_BALANCE_PLUS_SOURCE_PROVEN_FINANCING_EVENTS,CERT-H1|EVENT-POLICY-BS_RECEIVABLES_FINANCING,F-BS-EVENT-BS_RECEIVABLES_FINANCING,MATERIAL,RESOLVED
EVENT_POLICY_BS_RECEIVABLES_FINANCING,EVENT_POLICY_BS_RECEIVABLES_FINANCING,GOVERNED_EVENT_POLICY,2029,14935.34400000,14935.34400000,14935.34400000,RMB_MILLION,OPENING_BALANCE_PLUS_SOURCE_PROVEN_FINANCING_EVENTS,CERT-H1|EVENT-POLICY-BS_RECEIVABLES_FINANCING,F-BS-EVENT-BS_RECEIVABLES_FINANCING,MATERIAL,RESOLVED
EVENT_POLICY_BS_RECEIVABLES_FINANCING,EVENT_POLICY_BS_RECEIVABLES_FINANCING,GOVERNED_EVENT_POLICY,2030,14935.34400000,14935.34400000,14935.34400000,RMB_MILLION,OPENING_BALANCE_PLUS_SOURCE_PROVEN_FINANCING_EVENTS,CERT-H1|EVENT-POLICY-BS_RECEIVABLES_FINANCING,F-BS-EVENT-BS_RECEIVABLES_FINANCING,MATERIAL,RESOLVED
EVENT_POLICY_BS_RESTRICTED_CASH,EVENT_POLICY_BS_RESTRICTED_CASH,GOVERNED_EVENT_POLICY,2026,4715.54500000,4715.54500000,4715.54500000,RMB_MILLION,OPENING_BALANCE_PLUS_SOURCE_PROVEN_RESTRICTION_EVENTS,CERT-H1|EVENT-POLICY-BS_RESTRICTED_CASH,F-BS-EVENT-BS_RESTRICTED_CASH,MATERIAL,RESOLVED
EVENT_POLICY_BS_RESTRICTED_CASH,EVENT_POLICY_BS_RESTRICTED_CASH,GOVERNED_EVENT_POLICY,2027,4715.54500000,4715.54500000,4715.54500000,RMB_MILLION,OPENING_BALANCE_PLUS_SOURCE_PROVEN_RESTRICTION_EVENTS,CERT-H1|EVENT-POLICY-BS_RESTRICTED_CASH,F-BS-EVENT-BS_RESTRICTED_CASH,MATERIAL,RESOLVED
EVENT_POLICY_BS_RESTRICTED_CASH,EVENT_POLICY_BS_RESTRICTED_CASH,GOVERNED_EVENT_POLICY,2028,4715.54500000,4715.54500000,4715.54500000,RMB_MILLION,OPENING_BALANCE_PLUS_SOURCE_PROVEN_RESTRICTION_EVENTS,CERT-H1|EVENT-POLICY-BS_RESTRICTED_CASH,F-BS-EVENT-BS_RESTRICTED_CASH,MATERIAL,RESOLVED
EVENT_POLICY_BS_RESTRICTED_CASH,EVENT_POLICY_BS_RESTRICTED_CASH,GOVERNED_EVENT_POLICY,2029,4715.54500000,4715.54500000,4715.54500000,RMB_MILLION,OPENING_BALANCE_PLUS_SOURCE_PROVEN_RESTRICTION_EVENTS,CERT-H1|EVENT-POLICY-BS_RESTRICTED_CASH,F-BS-EVENT-BS_RESTRICTED_CASH,MATERIAL,RESOLVED
EVENT_POLICY_BS_RESTRICTED_CASH,EVENT_POLICY_BS_RESTRICTED_CASH,GOVERNED_EVENT_POLICY,2030,4715.54500000,4715.54500000,4715.54500000,RMB_MILLION,OPENING_BALANCE_PLUS_SOURCE_PROVEN_RESTRICTION_EVENTS,CERT-H1|EVENT-POLICY-BS_RESTRICTED_CASH,F-BS-EVENT-BS_RESTRICTED_CASH,MATERIAL,RESOLVED
EVENT_POLICY_BS_TERM_DEPOSITS,EVENT_POLICY_BS_TERM_DEPOSITS,GOVERNED_EVENT_POLICY,2026,11942.61200000,11942.61200000,11942.61200000,RMB_MILLION,GOVERNED_CONSERVATIVE_OPENING_BALANCE_ROLLFORWARD,CERT-H1|EVENT-POLICY-BS_TERM_DEPOSITS,F-BS-EVENT-BS_TERM_DEPOSITS,MATERIAL,RESOLVED
EVENT_POLICY_BS_TERM_DEPOSITS,EVENT_POLICY_BS_TERM_DEPOSITS,GOVERNED_EVENT_POLICY,2027,11942.61200000,11942.61200000,11942.61200000,RMB_MILLION,GOVERNED_CONSERVATIVE_OPENING_BALANCE_ROLLFORWARD,CERT-H1|EVENT-POLICY-BS_TERM_DEPOSITS,F-BS-EVENT-BS_TERM_DEPOSITS,MATERIAL,RESOLVED
EVENT_POLICY_BS_TERM_DEPOSITS,EVENT_POLICY_BS_TERM_DEPOSITS,GOVERNED_EVENT_POLICY,2028,11942.61200000,11942.61200000,11942.61200000,RMB_MILLION,GOVERNED_CONSERVATIVE_OPENING_BALANCE_ROLLFORWARD,CERT-H1|EVENT-POLICY-BS_TERM_DEPOSITS,F-BS-EVENT-BS_TERM_DEPOSITS,MATERIAL,RESOLVED
EVENT_POLICY_BS_TERM_DEPOSITS,EVENT_POLICY_BS_TERM_DEPOSITS,GOVERNED_EVENT_POLICY,2029,11942.61200000,11942.61200000,11942.61200000,RMB_MILLION,GOVERNED_CONSERVATIVE_OPENING_BALANCE_ROLLFORWARD,CERT-H1|EVENT-POLICY-BS_TERM_DEPOSITS,F-BS-EVENT-BS_TERM_DEPOSITS,MATERIAL,RESOLVED
EVENT_POLICY_BS_TERM_DEPOSITS,EVENT_POLICY_BS_TERM_DEPOSITS,GOVERNED_EVENT_POLICY,2030,11942.61200000,11942.61200000,11942.61200000,RMB_MILLION,GOVERNED_CONSERVATIVE_OPENING_BALANCE_ROLLFORWARD,CERT-H1|EVENT-POLICY-BS_TERM_DEPOSITS,F-BS-EVENT-BS_TERM_DEPOSITS,MATERIAL,RESOLVED
PPE_ACQUIRED_INTANGIBLES,PPE_ACQUIRED_INTANGIBLES,PPE_DA_DAG,2026,0.00000000,0.00000000,0.00000000,RMB_MILLION,DERIVED_FORMULA,CERT-H1|CERT-H3A|PPE-EVENT-POLICY,F-PPE_ACQUIRED_INTANGIBLES,MATERIAL,RESOLVED
PPE_ACQUIRED_INTANGIBLES,PPE_ACQUIRED_INTANGIBLES,PPE_DA_DAG,2027,0.00000000,0.00000000,0.00000000,RMB_MILLION,DERIVED_FORMULA,CERT-H1|CERT-H3A|PPE-EVENT-POLICY,F-PPE_ACQUIRED_INTANGIBLES,MATERIAL,RESOLVED
PPE_ACQUIRED_INTANGIBLES,PPE_ACQUIRED_INTANGIBLES,PPE_DA_DAG,2028,0.00000000,0.00000000,0.00000000,RMB_MILLION,DERIVED_FORMULA,CERT-H1|CERT-H3A|PPE-EVENT-POLICY,F-PPE_ACQUIRED_INTANGIBLES,MATERIAL,RESOLVED
PPE_ACQUIRED_INTANGIBLES,PPE_ACQUIRED_INTANGIBLES,PPE_DA_DAG,2029,0.00000000,0.00000000,0.00000000,RMB_MILLION,DERIVED_FORMULA,CERT-H1|CERT-H3A|PPE-EVENT-POLICY,F-PPE_ACQUIRED_INTANGIBLES,MATERIAL,RESOLVED
PPE_ACQUIRED_INTANGIBLES,PPE_ACQUIRED_INTANGIBLES,PPE_DA_DAG,2030,0.00000000,0.00000000,0.00000000,RMB_MILLION,DERIVED_FORMULA,CERT-H1|CERT-H3A|PPE-EVENT-POLICY,F-PPE_ACQUIRED_INTANGIBLES,MATERIAL,RESOLVED
PPE_ACQUIRED_PPE,PPE_ACQUIRED_PPE,PPE_DA_DAG,2026,0.00000000,0.00000000,0.00000000,RMB_MILLION,DERIVED_FORMULA,CERT-H1|CERT-H3A|PPE-EVENT-POLICY,F-PPE_ACQUIRED_PPE,MATERIAL,RESOLVED
PPE_ACQUIRED_PPE,PPE_ACQUIRED_PPE,PPE_DA_DAG,2027,0.00000000,0.00000000,0.00000000,RMB_MILLION,DERIVED_FORMULA,CERT-H1|CERT-H3A|PPE-EVENT-POLICY,F-PPE_ACQUIRED_PPE,MATERIAL,RESOLVED
PPE_ACQUIRED_PPE,PPE_ACQUIRED_PPE,PPE_DA_DAG,2028,0.00000000,0.00000000,0.00000000,RMB_MILLION,DERIVED_FORMULA,CERT-H1|CERT-H3A|PPE-EVENT-POLICY,F-PPE_ACQUIRED_PPE,MATERIAL,RESOLVED
PPE_ACQUIRED_PPE,PPE_ACQUIRED_PPE,PPE_DA_DAG,2029,0.00000000,0.00000000,0.00000000,RMB_MILLION,DERIVED_FORMULA,CERT-H1|CERT-H3A|PPE-EVENT-POLICY,F-PPE_ACQUIRED_PPE,MATERIAL,RESOLVED
PPE_ACQUIRED_PPE,PPE_ACQUIRED_PPE,PPE_DA_DAG,2030,0.00000000,0.00000000,0.00000000,RMB_MILLION,DERIVED_FORMULA,CERT-H1|CERT-H3A|PPE-EVENT-POLICY,F-PPE_ACQUIRED_PPE,MATERIAL,RESOLVED
PPE_AMORTIZABLE_BASE,PPE_AMORTIZABLE_BASE,PPE_DA_DAG,2026,21618.86000000,23385.41601089,25007.99837176,RMB_MILLION,DERIVED_FORMULA,CERT-H1|CERT-H3A|PPE-EVENT-POLICY,F-PPE_AMORTIZABLE_BASE,MATERIAL,RESOLVED
PPE_AMORTIZABLE_BASE,PPE_AMORTIZABLE_BASE,PPE_DA_DAG,2027,20338.79923340,25430.26863095,29975.54045943,RMB_MILLION,DERIVED_FORMULA,CERT-H1|CERT-H3A|PPE-EVENT-POLICY,F-PPE_AMORTIZABLE_BASE,MATERIAL,RESOLVED
PPE_AMORTIZABLE_BASE,PPE_AMORTIZABLE_BASE,PPE_DA_DAG,2028,19134.53134239,27612.21904269,35363.38260751,RMB_MILLION,DERIVED_FORMULA,CERT-H1|CERT-H3A|PPE-EVENT-POLICY,F-PPE_AMORTIZABLE_BASE,MATERIAL,RESOLVED
PPE_AMORTIZABLE_BASE,PPE_AMORTIZABLE_BASE,PPE_DA_DAG,2029,18001.56860251,29968.27164867,41270.59762867,RMB_MILLION,DERIVED_FORMULA,CERT-H1|CERT-H3A|PPE-EVENT-POLICY,F-PPE_AMORTIZABLE_BASE,MATERIAL,RESOLVED
PPE_AMORTIZABLE_BASE,PPE_AMORTIZABLE_BASE,PPE_DA_DAG,2030,16935.68900917,32530.97231299,47798.92938784,RMB_MILLION,DERIVED_FORMULA,CERT-H1|CERT-H3A|PPE-EVENT-POLICY,F-PPE_AMORTIZABLE_BASE,MATERIAL,RESOLVED
PPE_AMORTIZATION,PPE_AMORTIZATION,PPE_DA_DAG,2026,1280.06076660,1615.43985473,2207.27151227,RMB_MILLION,DERIVED_FORMULA,CERT-H1|CERT-H3A|PPE-EVENT-POLICY,F-PPE_AMORTIZATION,MATERIAL,RESOLVED
PPE_AMORTIZATION,PPE_AMORTIZATION,PPE_DA_DAG,2027,1204.26789102,1756.69611538,2645.71980281,RMB_MILLION,DERIVED_FORMULA,CERT-H1|CERT-H3A|PPE-EVENT-POLICY,F-PPE_AMORTIZATION,MATERIAL,RESOLVED
PPE_AMORTIZATION,PPE_AMORTIZATION,PPE_DA_DAG,2028,1132.96273988,1907.42294677,3121.26487880,RMB_MILLION,DERIVED_FORMULA,CERT-H1|CERT-H3A|PPE-EVENT-POLICY,F-PPE_AMORTIZATION,MATERIAL,RESOLVED
PPE_AMORTIZATION,PPE_AMORTIZATION,PPE_DA_DAG,2029,1065.87959334,2070.17657398,3642.65116647,RMB_MILLION,DERIVED_FORMULA,CERT-H1|CERT-H3A|PPE-EVENT-POLICY,F-PPE_AMORTIZATION,MATERIAL,RESOLVED
PPE_AMORTIZATION,PPE_AMORTIZATION,PPE_DA_DAG,2030,1002.76846494,2247.20523094,4218.85884612,RMB_MILLION,DERIVED_FORMULA,CERT-H1|CERT-H3A|PPE-EVENT-POLICY,F-PPE_AMORTIZATION,MATERIAL,RESOLVED
PPE_BEGINNING_INTANGIBLES,PPE_BEGINNING_INTANGIBLES,PPE_DA_DAG,2026,21618.86000000,21618.86000000,21618.86000000,RMB_MILLION,DERIVED_FORMULA,CERT-H1|CERT-H3A|PPE-EVENT-POLICY,F-PPE_BEGINNING_INTANGIBLES,MATERIAL,RESOLVED
PPE_BEGINNING_INTANGIBLES,PPE_BEGINNING_INTANGIBLES,PPE_DA_DAG,2027,20338.79923340,23536.53216705,26189.86523126,RMB_MILLION,DERIVED_FORMULA,CERT-H1|CERT-H3A|PPE-EVENT-POLICY,F-PPE_BEGINNING_INTANGIBLES,MATERIAL,RESOLVED
PPE_BEGINNING_INTANGIBLES,PPE_BEGINNING_INTANGIBLES,PPE_DA_DAG,2028,19134.53134239,25567.30897947,31115.49588478,RMB_MILLION,DERIVED_FORMULA,CERT-H1|CERT-H3A|PPE-EVENT-POLICY,F-PPE_BEGINNING_INTANGIBLES,MATERIAL,RESOLVED
PPE_BEGINNING_INTANGIBLES,PPE_BEGINNING_INTANGIBLES,PPE_DA_DAG,2029,18001.56860251,27749.70615914,36490.00445144,RMB_MILLION,DERIVED_FORMULA,CERT-H1|CERT-H3A|PPE-EVENT-POLICY,F-PPE_BEGINNING_INTANGIBLES,MATERIAL,RESOLVED
PPE_BEGINNING_INTANGIBLES,PPE_BEGINNING_INTANGIBLES,PPE_DA_DAG,2030,16935.68900917,30116.66056422,42408.53963943,RMB_MILLION,DERIVED_FORMULA,CERT-H1|CERT-H3A|PPE-EVENT-POLICY,F-PPE_BEGINNING_INTANGIBLES,MATERIAL,RESOLVED
PPE_BEGINNING_PPE,PPE_BEGINNING_PPE,PPE_DA_DAG,2026,44983.39400000,44983.39400000,44983.39400000,RMB_MILLION,DERIVED_FORMULA,CERT-H1|CERT-H3A|PPE-EVENT-POLICY,F-PPE_BEGINNING_PPE,MATERIAL,RESOLVED
PPE_BEGINNING_PPE,PPE_BEGINNING_PPE,PPE_DA_DAG,2027,46282.51146103,45315.16697407,48174.76929522,RMB_MILLION,DERIVED_FORMULA,CERT-H1|CERT-H3A|PPE-EVENT-POLICY,F-PPE_BEGINNING_PPE,MATERIAL,RESOLVED
PPE_BEGINNING_PPE,PPE_BEGINNING_PPE,PPE_DA_DAG,2028,48033.87147379,46664.56156400,51611.18795175,RMB_MILLION,DERIVED_FORMULA,CERT-H1|CERT-H3A|PPE-EVENT-POLICY,F-PPE_BEGINNING_PPE,MATERIAL,RESOLVED
PPE_BEGINNING_PPE,PPE_BEGINNING_PPE,PPE_DA_DAG,2029,50171.10971126,48846.30130108,55786.92233848,RMB_MILLION,DERIVED_FORMULA,CERT-H1|CERT-H3A|PPE-EVENT-POLICY,F-PPE_BEGINNING_PPE,MATERIAL,RESOLVED
PPE_BEGINNING_PPE,PPE_BEGINNING_PPE,PPE_DA_DAG,2030,52650.03478439,51744.73741760,60881.59415889,RMB_MILLION,DERIVED_FORMULA,CERT-H1|CERT-H3A|PPE-EVENT-POLICY,F-PPE_BEGINNING_PPE,MATERIAL,RESOLVED
PPE_CAPEX,PPE_CAPEX,PPE_DA_DAG,2026,8323.17157967,8741.56836898,10290.72323086,RMB_MILLION,DERIVED_FORMULA,CERT-H1|CERT-H3A|PPE-EVENT-POLICY,F-PPE_CAPEX,MATERIAL,RESOLVED
PPE_CAPEX,PPE_CAPEX,PPE_DA_DAG,2027,8922.74175604,9670.15355501,11706.85336963,RMB_MILLION,DERIVED_FORMULA,CERT-H1|CERT-H3A|PPE-EVENT-POLICY,F-PPE_CAPEX,MATERIAL,RESOLVED
PPE_CAPEX,PPE_CAPEX,PPE_DA_DAG,2028,9538.59968982,10652.14441458,13290.89187610,RMB_MILLION,DERIVED_FORMULA,CERT-H1|CERT-H3A|PPE-EVENT-POLICY,F-PPE_CAPEX,MATERIAL,RESOLVED
PPE_CAPEX,PPE_CAPEX,PPE_DA_DAG,2029,10179.61010563,11704.85293980,15070.79606087,RMB_MILLION,DERIVED_FORMULA,CERT-H1|CERT-H3A|PPE-EVENT-POLICY,F-PPE_CAPEX,MATERIAL,RESOLVED
PPE_CAPEX,PPE_CAPEX,PPE_DA_DAG,2030,10852.23696365,12842.35639386,17076.11244510,RMB_MILLION,DERIVED_FORMULA,CERT-H1|CERT-H3A|PPE-EVENT-POLICY,F-PPE_CAPEX,MATERIAL,RESOLVED
PPE_CIP_ADDITIONS,PPE_CIP_ADDITIONS,PPE_DA_DAG,2026,2161.94837642,3786.58090888,4968.78210348,RMB_MILLION,DERIVED_FORMULA,CERT-H1|CERT-H3A|PPE-EVENT-POLICY,F-PPE_CIP_ADDITIONS,MATERIAL,RESOLVED
PPE_CIP_ADDITIONS,PPE_CIP_ADDITIONS,PPE_DA_DAG,2027,2317.68705812,4188.81570122,5652.54765930,RMB_MILLION,DERIVED_FORMULA,CERT-H1|CERT-H3A|PPE-EVENT-POLICY,F-PPE_CIP_ADDITIONS,MATERIAL,RESOLVED
PPE_CIP_ADDITIONS,PPE_CIP_ADDITIONS,PPE_DA_DAG,2028,2477.65649372,4614.18420314,6417.38624311,RMB_MILLION,DERIVED_FORMULA,CERT-H1|CERT-H3A|PPE-EVENT-POLICY,F-PPE_CIP_ADDITIONS,MATERIAL,RESOLVED
PPE_CIP_ADDITIONS,PPE_CIP_ADDITIONS,PPE_DA_DAG,2029,2644.15930031,5070.18544182,7276.79678800,RMB_MILLION,DERIVED_FORMULA,CERT-H1|CERT-H3A|PPE-EVENT-POLICY,F-PPE_CIP_ADDITIONS,MATERIAL,RESOLVED
PPE_CIP_ADDITIONS,PPE_CIP_ADDITIONS,PPE_DA_DAG,2030,2818.87449508,5562.91725848,8245.04556297,RMB_MILLION,DERIVED_FORMULA,CERT-H1|CERT-H3A|PPE-EVENT-POLICY,F-PPE_CIP_ADDITIONS,MATERIAL,RESOLVED
PPE_CIP_AVAILABLE,PPE_CIP_AVAILABLE,PPE_DA_DAG,2026,5216.77637642,6841.40890888,8023.61010348,RMB_MILLION,DERIVED_FORMULA,CERT-H1|CERT-H3A|PPE-EVENT-POLICY,F-PPE_CIP_AVAILABLE,MATERIAL,RESOLVED
PPE_CIP_AVAILABLE,PPE_CIP_AVAILABLE,PPE_DA_DAG,2027,5956.05582233,8582.40300373,8110.44591093,RMB_MILLION,DERIVED_FORMULA,CERT-H1|CERT-H3A|PPE-EVENT-POLICY,F-PPE_CIP_AVAILABLE,MATERIAL,RESOLVED
PPE_CIP_AVAILABLE,PPE_CIP_AVAILABLE,PPE_DA_DAG,2028,6631.62551563,10125.84669319,8901.88518651,RMB_MILLION,DERIVED_FORMULA,CERT-H1|CERT-H3A|PPE-EVENT-POLICY,F-PPE_CIP_AVAILABLE,MATERIAL,RESOLVED
PPE_CIP_AVAILABLE,PPE_CIP_AVAILABLE,PPE_DA_DAG,2029,7269.29509127,11573.05525283,10003.73986648,RMB_MILLION,DERIVED_FORMULA,CERT-H1|CERT-H3A|PPE-EVENT-POLICY,F-PPE_CIP_AVAILABLE,MATERIAL,RESOLVED
PPE_CIP_AVAILABLE,PPE_CIP_AVAILABLE,PPE_DA_DAG,2030,7888.74414053,12995.19170476,11309.52332428,RMB_MILLION,DERIVED_FORMULA,CERT-H1|CERT-H3A|PPE-EVENT-POLICY,F-PPE_CIP_AVAILABLE,MATERIAL,RESOLVED
PPE_CIP_TRANSFERS_TO_PPE,PPE_CIP_TRANSFERS_TO_PPE,PPE_DA_DAG,2026,1578.40761221,2447.82160637,5565.71185186,RMB_MILLION,DERIVED_FORMULA,CERT-H1|CERT-H3A|PPE-EVENT-POLICY,F-PPE_CIP_TRANSFERS_TO_PPE,MATERIAL,RESOLVED
PPE_CIP_TRANSFERS_TO_PPE,PPE_CIP_TRANSFERS_TO_PPE,PPE_DA_DAG,2027,1802.08680042,3070.74051368,5625.94696753,RMB_MILLION,DERIVED_FORMULA,CERT-H1|CERT-H3A|PPE-EVENT-POLICY,F-PPE_CIP_TRANSFERS_TO_PPE,MATERIAL,RESOLVED
PPE_CIP_TRANSFERS_TO_PPE,PPE_CIP_TRANSFERS_TO_PPE,PPE_DA_DAG,2028,2006.48972467,3622.97688218,6174.94210803,RMB_MILLION,DERIVED_FORMULA,CERT-H1|CERT-H3A|PPE-EVENT-POLICY,F-PPE_CIP_TRANSFERS_TO_PPE,MATERIAL,RESOLVED
PPE_CIP_TRANSFERS_TO_PPE,PPE_CIP_TRANSFERS_TO_PPE,PPE_DA_DAG,2029,2199.42544582,4140.78080655,6939.26210517,RMB_MILLION,DERIVED_FORMULA,CERT-H1|CERT-H3A|PPE-EVENT-POLICY,F-PPE_CIP_TRANSFERS_TO_PPE,MATERIAL,RESOLVED
PPE_CIP_TRANSFERS_TO_PPE,PPE_CIP_TRANSFERS_TO_PPE,PPE_DA_DAG,2030,2386.84829552,4649.61405721,7845.04072269,RMB_MILLION,DERIVED_FORMULA,CERT-H1|CERT-H3A|PPE-EVENT-POLICY,F-PPE_CIP_TRANSFERS_TO_PPE,MATERIAL,RESOLVED
PPE_DEPRECIABLE_BASE,PPE_DEPRECIABLE_BASE,PPE_DA_DAG,2026,48853.20940773,48684.79853324,50427.22048961,RMB_MILLION,DERIVED_FORMULA,CERT-H1|CERT-H3A|PPE-EVENT-POLICY,F-PPE_DEPRECIABLE_BASE,MATERIAL,RESOLVED
PPE_DEPRECIABLE_BASE,PPE_DEPRECIABLE_BASE,PPE_DA_DAG,2027,50486.08221021,49591.20615780,54014.89563415,RMB_MILLION,DERIVED_FORMULA,CERT-H1|CERT-H3A|PPE-EVENT-POLICY,F-PPE_DEPRECIABLE_BASE,MATERIAL,RESOLVED
PPE_DEPRECIABLE_BASE,PPE_DEPRECIABLE_BASE,PPE_DA_DAG,2028,52567.58793418,51495.03011080,58135.41182226,RMB_MILLION,DERIVED_FORMULA,CERT-H1|CERT-H3A|PPE-EVENT-POLICY,F-PPE_DEPRECIABLE_BASE,MATERIAL,RESOLVED
PPE_DEPRECIABLE_BASE,PPE_DEPRECIABLE_BASE,PPE_DA_DAG,2029,55038.54783683,54234.02545334,63153.55302749,RMB_MILLION,DERIVED_FORMULA,CERT-H1|CERT-H3A|PPE-EVENT-POLICY,F-PPE_DEPRECIABLE_BASE,MATERIAL,RESOLVED
PPE_DEPRECIABLE_BASE,PPE_DEPRECIABLE_BASE,PPE_DA_DAG,2030,57860.14016644,57709.26401389,69219.64796129,RMB_MILLION,DERIVED_FORMULA,CERT-H1|CERT-H3A|PPE-EVENT-POLICY,F-PPE_DEPRECIABLE_BASE,MATERIAL,RESOLVED
PPE_DEPRECIATION,PPE_DEPRECIATION,PPE_DA_DAG,2026,6440.51335443,7071.03609241,7696.27768401,RMB_MILLION,DERIVED_FORMULA,CERT-H1|CERT-H3A|PPE-EVENT-POLICY,F-PPE_DEPRECIATION,MATERIAL,RESOLVED
PPE_DEPRECIATION,PPE_DEPRECIATION,PPE_DA_DAG,2027,6655.78148559,7202.68377753,8243.83402132,RMB_MILLION,DERIVED_FORMULA,CERT-H1|CERT-H3A|PPE-EVENT-POLICY,F-PPE_DEPRECIATION,MATERIAL,RESOLVED
PPE_DEPRECIATION,PPE_DEPRECIATION,PPE_DA_DAG,2028,6930.19468331,7479.19735653,8872.71335430,RMB_MILLION,DERIVED_FORMULA,CERT-H1|CERT-H3A|PPE-EVENT-POLICY,F-PPE_DEPRECIATION,MATERIAL,RESOLVED
PPE_DEPRECIATION,PPE_DEPRECIATION,PPE_DA_DAG,2029,7255.95117800,7877.01218801,9638.58955763,RMB_MILLION,DERIVED_FORMULA,CERT-H1|CERT-H3A|PPE-EVENT-POLICY,F-PPE_DEPRECIATION,MATERIAL,RESOLVED
PPE_DEPRECIATION,PPE_DEPRECIATION,PPE_DA_DAG,2030,7627.93294338,8381.75983064,10564.40602371,RMB_MILLION,DERIVED_FORMULA,CERT-H1|CERT-H3A|PPE-EVENT-POLICY,F-PPE_DEPRECIATION,MATERIAL,RESOLVED
PPE_DIRECT_PPE_ADDITIONS,PPE_DIRECT_PPE_ADDITIONS,PPE_DA_DAG,2026,6161.22320325,4954.98746010,5321.94112737,RMB_MILLION,DERIVED_FORMULA,CERT-H1|CERT-H3A|PPE-EVENT-POLICY,F-PPE_DIRECT_PPE_ADDITIONS,MATERIAL,RESOLVED
PPE_DIRECT_PPE_ADDITIONS,PPE_DIRECT_PPE_ADDITIONS,PPE_DA_DAG,2027,6605.05469793,5481.33785379,6054.30571032,RMB_MILLION,DERIVED_FORMULA,CERT-H1|CERT-H3A|PPE-EVENT-POLICY,F-PPE_DIRECT_PPE_ADDITIONS,MATERIAL,RESOLVED
PPE_DIRECT_PPE_ADDITIONS,PPE_DIRECT_PPE_ADDITIONS,PPE_DA_DAG,2028,7060.94319610,6037.96021143,6873.50563299,RMB_MILLION,DERIVED_FORMULA,CERT-H1|CERT-H3A|PPE-EVENT-POLICY,F-PPE_DIRECT_PPE_ADDITIONS,MATERIAL,RESOLVED
PPE_DIRECT_PPE_ADDITIONS,PPE_DIRECT_PPE_ADDITIONS,PPE_DA_DAG,2029,7535.45080532,6634.66749798,7793.99927287,RMB_MILLION,DERIVED_FORMULA,CERT-H1|CERT-H3A|PPE-EVENT-POLICY,F-PPE_DIRECT_PPE_ADDITIONS,MATERIAL,RESOLVED
PPE_DIRECT_PPE_ADDITIONS,PPE_DIRECT_PPE_ADDITIONS,PPE_DA_DAG,2030,8033.36246857,7279.43913538,8831.06688213,RMB_MILLION,DERIVED_FORMULA,CERT-H1|CERT-H3A|PPE-EVENT-POLICY,F-PPE_DIRECT_PPE_ADDITIONS,MATERIAL,RESOLVED
PPE_ENDING_CIP,PPE_ENDING_CIP,PPE_DA_DAG,2026,3638.36876421,4393.58730251,2457.89825163,RMB_MILLION,DERIVED_FORMULA,CERT-H1|CERT-H3A|PPE-EVENT-POLICY,F-PPE_ENDING_CIP,MATERIAL,RESOLVED
PPE_ENDING_CIP,PPE_ENDING_CIP,PPE_DA_DAG,2027,4153.96902191,5511.66249005,2484.49894340,RMB_MILLION,DERIVED_FORMULA,CERT-H1|CERT-H3A|PPE-EVENT-POLICY,F-PPE_ENDING_CIP,MATERIAL,RESOLVED
PPE_ENDING_CIP,PPE_ENDING_CIP,PPE_DA_DAG,2028,4625.13579096,6502.86981101,2726.94307848,RMB_MILLION,DERIVED_FORMULA,CERT-H1|CERT-H3A|PPE-EVENT-POLICY,F-PPE_ENDING_CIP,MATERIAL,RESOLVED
PPE_ENDING_CIP,PPE_ENDING_CIP,PPE_DA_DAG,2029,5069.86964545,7432.27444629,3064.47776131,RMB_MILLION,DERIVED_FORMULA,CERT-H1|CERT-H3A|PPE-EVENT-POLICY,F-PPE_ENDING_CIP,MATERIAL,RESOLVED
PPE_ENDING_CIP,PPE_ENDING_CIP,PPE_DA_DAG,2030,5501.89584501,8345.57764755,3464.48260159,RMB_MILLION,DERIVED_FORMULA,CERT-H1|CERT-H3A|PPE-EVENT-POLICY,F-PPE_ENDING_CIP,MATERIAL,RESOLVED
PPE_ENDING_INTANGIBLES,PPE_ENDING_INTANGIBLES,PPE_DA_DAG,2026,20338.79923340,23536.53216705,26189.86523126,RMB_MILLION,DERIVED_FORMULA,CERT-H1|CERT-H3A|PPE-EVENT-POLICY,F-PPE_ENDING_INTANGIBLES,MATERIAL,RESOLVED
PPE_ENDING_INTANGIBLES,PPE_ENDING_INTANGIBLES,PPE_DA_DAG,2027,19134.53134239,25567.30897947,31115.49588478,RMB_MILLION,DERIVED_FORMULA,CERT-H1|CERT-H3A|PPE-EVENT-POLICY,F-PPE_ENDING_INTANGIBLES,MATERIAL,RESOLVED
PPE_ENDING_INTANGIBLES,PPE_ENDING_INTANGIBLES,PPE_DA_DAG,2028,18001.56860251,27749.70615914,36490.00445144,RMB_MILLION,DERIVED_FORMULA,CERT-H1|CERT-H3A|PPE-EVENT-POLICY,F-PPE_ENDING_INTANGIBLES,MATERIAL,RESOLVED
PPE_ENDING_INTANGIBLES,PPE_ENDING_INTANGIBLES,PPE_DA_DAG,2029,16935.68900917,30116.66056422,42408.53963943,RMB_MILLION,DERIVED_FORMULA,CERT-H1|CERT-H3A|PPE-EVENT-POLICY,F-PPE_ENDING_INTANGIBLES,MATERIAL,RESOLVED
PPE_ENDING_INTANGIBLES,PPE_ENDING_INTANGIBLES,PPE_DA_DAG,2030,15932.92054423,32698.07883083,48970.46029012,RMB_MILLION,DERIVED_FORMULA,CERT-H1|CERT-H3A|PPE-EVENT-POLICY,F-PPE_ENDING_INTANGIBLES,MATERIAL,RESOLVED
PPE_ENDING_PPE,PPE_ENDING_PPE,PPE_DA_DAG,2026,46282.51146103,45315.16697407,48174.76929522,RMB_MILLION,DERIVED_FORMULA,CERT-H1|CERT-H3A|PPE-EVENT-POLICY,F-PPE_ENDING_PPE,MATERIAL,RESOLVED
PPE_ENDING_PPE,PPE_ENDING_PPE,PPE_DA_DAG,2027,48033.87147379,46664.56156400,51611.18795175,RMB_MILLION,DERIVED_FORMULA,CERT-H1|CERT-H3A|PPE-EVENT-POLICY,F-PPE_ENDING_PPE,MATERIAL,RESOLVED
PPE_ENDING_PPE,PPE_ENDING_PPE,PPE_DA_DAG,2028,50171.10971126,48846.30130108,55786.92233848,RMB_MILLION,DERIVED_FORMULA,CERT-H1|CERT-H3A|PPE-EVENT-POLICY,F-PPE_ENDING_PPE,MATERIAL,RESOLVED
PPE_ENDING_PPE,PPE_ENDING_PPE,PPE_DA_DAG,2029,52650.03478439,51744.73741760,60881.59415889,RMB_MILLION,DERIVED_FORMULA,CERT-H1|CERT-H3A|PPE-EVENT-POLICY,F-PPE_ENDING_PPE,MATERIAL,RESOLVED
PPE_ENDING_PPE,PPE_ENDING_PPE,PPE_DA_DAG,2030,55442.31260511,55292.03077955,66993.29573999,RMB_MILLION,DERIVED_FORMULA,CERT-H1|CERT-H3A|PPE-EVENT-POLICY,F-PPE_ENDING_PPE,MATERIAL,RESOLVED
PPE_INTANGIBLE_ADDITIONS,PPE_INTANGIBLE_ADDITIONS,PPE_DA_DAG,2026,0.00000000,3533.11202178,6778.27674353,RMB_MILLION,DERIVED_FORMULA,CERT-H1|CERT-H3A|PPE-EVENT-POLICY,F-PPE_INTANGIBLE_ADDITIONS,MATERIAL,RESOLVED
PPE_INTANGIBLE_ADDITIONS,PPE_INTANGIBLE_ADDITIONS,PPE_DA_DAG,2027,0.00000000,3787.47292780,7571.35045634,RMB_MILLION,DERIVED_FORMULA,CERT-H1|CERT-H3A|PPE-EVENT-POLICY,F-PPE_INTANGIBLE_ADDITIONS,MATERIAL,RESOLVED
PPE_INTANGIBLE_ADDITIONS,PPE_INTANGIBLE_ADDITIONS,PPE_DA_DAG,2028,0.00000000,4089.82012644,8495.77344545,RMB_MILLION,DERIVED_FORMULA,CERT-H1|CERT-H3A|PPE-EVENT-POLICY,F-PPE_INTANGIBLE_ADDITIONS,MATERIAL,RESOLVED
PPE_INTANGIBLE_ADDITIONS,PPE_INTANGIBLE_ADDITIONS,PPE_DA_DAG,2029,0.00000000,4437.13097905,9561.18635446,RMB_MILLION,DERIVED_FORMULA,CERT-H1|CERT-H3A|PPE-EVENT-POLICY,F-PPE_INTANGIBLE_ADDITIONS,MATERIAL,RESOLVED
PPE_INTANGIBLE_ADDITIONS,PPE_INTANGIBLE_ADDITIONS,PPE_DA_DAG,2030,0.00000000,4828.62349755,10780.77949681,RMB_MILLION,DERIVED_FORMULA,CERT-H1|CERT-H3A|PPE-EVENT-POLICY,F-PPE_INTANGIBLE_ADDITIONS,MATERIAL,RESOLVED
PPE_INTANGIBLE_DISPOSALS,PPE_INTANGIBLE_DISPOSALS,PPE_DA_DAG,2026,0.00000000,0.00000000,0.00000000,RMB_MILLION,DERIVED_FORMULA,CERT-H1|CERT-H3A|PPE-EVENT-POLICY,F-PPE_INTANGIBLE_DISPOSALS,MATERIAL,RESOLVED
PPE_INTANGIBLE_DISPOSALS,PPE_INTANGIBLE_DISPOSALS,PPE_DA_DAG,2027,0.00000000,0.00000000,0.00000000,RMB_MILLION,DERIVED_FORMULA,CERT-H1|CERT-H3A|PPE-EVENT-POLICY,F-PPE_INTANGIBLE_DISPOSALS,MATERIAL,RESOLVED
PPE_INTANGIBLE_DISPOSALS,PPE_INTANGIBLE_DISPOSALS,PPE_DA_DAG,2028,0.00000000,0.00000000,0.00000000,RMB_MILLION,DERIVED_FORMULA,CERT-H1|CERT-H3A|PPE-EVENT-POLICY,F-PPE_INTANGIBLE_DISPOSALS,MATERIAL,RESOLVED
PPE_INTANGIBLE_DISPOSALS,PPE_INTANGIBLE_DISPOSALS,PPE_DA_DAG,2029,0.00000000,0.00000000,0.00000000,RMB_MILLION,DERIVED_FORMULA,CERT-H1|CERT-H3A|PPE-EVENT-POLICY,F-PPE_INTANGIBLE_DISPOSALS,MATERIAL,RESOLVED
PPE_INTANGIBLE_DISPOSALS,PPE_INTANGIBLE_DISPOSALS,PPE_DA_DAG,2030,0.00000000,0.00000000,0.00000000,RMB_MILLION,DERIVED_FORMULA,CERT-H1|CERT-H3A|PPE-EVENT-POLICY,F-PPE_INTANGIBLE_DISPOSALS,MATERIAL,RESOLVED
PPE_PPE_DISPOSALS,PPE_PPE_DISPOSALS,PPE_DA_DAG,2026,0.00000000,0.00000000,0.00000000,RMB_MILLION,DERIVED_FORMULA,CERT-H1|CERT-H3A|PPE-EVENT-POLICY,F-PPE_PPE_DISPOSALS,MATERIAL,RESOLVED
PPE_PPE_DISPOSALS,PPE_PPE_DISPOSALS,PPE_DA_DAG,2027,0.00000000,0.00000000,0.00000000,RMB_MILLION,DERIVED_FORMULA,CERT-H1|CERT-H3A|PPE-EVENT-POLICY,F-PPE_PPE_DISPOSALS,MATERIAL,RESOLVED
PPE_PPE_DISPOSALS,PPE_PPE_DISPOSALS,PPE_DA_DAG,2028,0.00000000,0.00000000,0.00000000,RMB_MILLION,DERIVED_FORMULA,CERT-H1|CERT-H3A|PPE-EVENT-POLICY,F-PPE_PPE_DISPOSALS,MATERIAL,RESOLVED
PPE_PPE_DISPOSALS,PPE_PPE_DISPOSALS,PPE_DA_DAG,2029,0.00000000,0.00000000,0.00000000,RMB_MILLION,DERIVED_FORMULA,CERT-H1|CERT-H3A|PPE-EVENT-POLICY,F-PPE_PPE_DISPOSALS,MATERIAL,RESOLVED
PPE_PPE_DISPOSALS,PPE_PPE_DISPOSALS,PPE_DA_DAG,2030,0.00000000,0.00000000,0.00000000,RMB_MILLION,DERIVED_FORMULA,CERT-H1|CERT-H3A|PPE-EVENT-POLICY,F-PPE_PPE_DISPOSALS,MATERIAL,RESOLVED
RATIO_BS_CONTRACT_ASSETS,BS_CONTRACT_ASSETS,BALANCE_SHEET_RATIO,2026,0.00855461,0.01098091,0.01301372,RATIO,SOURCE_NATIVE_BOUNDED_RATIO,CERT-H1,F-BS_CONTRACT_ASSETS,MATERIAL,RESOLVED
RATIO_BS_CONTRACT_ASSETS,BS_CONTRACT_ASSETS,BALANCE_SHEET_RATIO,2027,0.00855461,0.01098091,0.01301372,RATIO,SOURCE_NATIVE_BOUNDED_RATIO,CERT-H1,F-BS_CONTRACT_ASSETS,MATERIAL,RESOLVED
RATIO_BS_CONTRACT_ASSETS,BS_CONTRACT_ASSETS,BALANCE_SHEET_RATIO,2028,0.00855461,0.01098091,0.01301372,RATIO,SOURCE_NATIVE_BOUNDED_RATIO,CERT-H1,F-BS_CONTRACT_ASSETS,MATERIAL,RESOLVED
RATIO_BS_CONTRACT_ASSETS,BS_CONTRACT_ASSETS,BALANCE_SHEET_RATIO,2029,0.00855461,0.01098091,0.01301372,RATIO,SOURCE_NATIVE_BOUNDED_RATIO,CERT-H1,F-BS_CONTRACT_ASSETS,MATERIAL,RESOLVED
RATIO_BS_CONTRACT_ASSETS,BS_CONTRACT_ASSETS,BALANCE_SHEET_RATIO,2030,0.00855461,0.01098091,0.01301372,RATIO,SOURCE_NATIVE_BOUNDED_RATIO,CERT-H1,F-BS_CONTRACT_ASSETS,MATERIAL,RESOLVED
RATIO_BS_CONTRACT_LIABILITIES,BS_CONTRACT_LIABILITIES,BALANCE_SHEET_RATIO,2026,0.06440425,0.09168498,0.12040237,RATIO,SOURCE_NATIVE_BOUNDED_RATIO,CERT-H1,F-BS_CONTRACT_LIABILITIES,MATERIAL,RESOLVED
RATIO_BS_CONTRACT_LIABILITIES,BS_CONTRACT_LIABILITIES,BALANCE_SHEET_RATIO,2027,0.06440425,0.09168498,0.12040237,RATIO,SOURCE_NATIVE_BOUNDED_RATIO,CERT-H1,F-BS_CONTRACT_LIABILITIES,MATERIAL,RESOLVED
RATIO_BS_CONTRACT_LIABILITIES,BS_CONTRACT_LIABILITIES,BALANCE_SHEET_RATIO,2028,0.06440425,0.09168498,0.12040237,RATIO,SOURCE_NATIVE_BOUNDED_RATIO,CERT-H1,F-BS_CONTRACT_LIABILITIES,MATERIAL,RESOLVED
RATIO_BS_CONTRACT_LIABILITIES,BS_CONTRACT_LIABILITIES,BALANCE_SHEET_RATIO,2029,0.06440425,0.09168498,0.12040237,RATIO,SOURCE_NATIVE_BOUNDED_RATIO,CERT-H1,F-BS_CONTRACT_LIABILITIES,MATERIAL,RESOLVED
RATIO_BS_CONTRACT_LIABILITIES,BS_CONTRACT_LIABILITIES,BALANCE_SHEET_RATIO,2030,0.06440425,0.09168498,0.12040237,RATIO,SOURCE_NATIVE_BOUNDED_RATIO,CERT-H1,F-BS_CONTRACT_LIABILITIES,MATERIAL,RESOLVED
RATIO_BS_EMPLOYEE_COMP,BS_EMPLOYEE_COMP,BALANCE_SHEET_RATIO,2026,0.02068856,0.02216943,0.02434227,RATIO,SOURCE_NATIVE_BOUNDED_RATIO,CERT-H1,F-BS_EMPLOYEE_COMP,MATERIAL,RESOLVED
RATIO_BS_EMPLOYEE_COMP,BS_EMPLOYEE_COMP,BALANCE_SHEET_RATIO,2027,0.02068856,0.02216943,0.02434227,RATIO,SOURCE_NATIVE_BOUNDED_RATIO,CERT-H1,F-BS_EMPLOYEE_COMP,MATERIAL,RESOLVED
RATIO_BS_EMPLOYEE_COMP,BS_EMPLOYEE_COMP,BALANCE_SHEET_RATIO,2028,0.02068856,0.02216943,0.02434227,RATIO,SOURCE_NATIVE_BOUNDED_RATIO,CERT-H1,F-BS_EMPLOYEE_COMP,MATERIAL,RESOLVED
RATIO_BS_EMPLOYEE_COMP,BS_EMPLOYEE_COMP,BALANCE_SHEET_RATIO,2029,0.02068856,0.02216943,0.02434227,RATIO,SOURCE_NATIVE_BOUNDED_RATIO,CERT-H1,F-BS_EMPLOYEE_COMP,MATERIAL,RESOLVED
RATIO_BS_EMPLOYEE_COMP,BS_EMPLOYEE_COMP,BALANCE_SHEET_RATIO,2030,0.02068856,0.02216943,0.02434227,RATIO,SOURCE_NATIVE_BOUNDED_RATIO,CERT-H1,F-BS_EMPLOYEE_COMP,MATERIAL,RESOLVED
RATIO_BS_NOTES_RECEIVABLE,BS_NOTES_RECEIVABLE,BALANCE_SHEET_RATIO,2026,0.01144326,0.01435580,0.01856608,RATIO,SOURCE_NATIVE_BOUNDED_RATIO,CERT-H1,F-BS_NOTES_RECEIVABLE,MATERIAL,RESOLVED
RATIO_BS_NOTES_RECEIVABLE,BS_NOTES_RECEIVABLE,BALANCE_SHEET_RATIO,2027,0.01144326,0.01435580,0.01856608,RATIO,SOURCE_NATIVE_BOUNDED_RATIO,CERT-H1,F-BS_NOTES_RECEIVABLE,MATERIAL,RESOLVED
RATIO_BS_NOTES_RECEIVABLE,BS_NOTES_RECEIVABLE,BALANCE_SHEET_RATIO,2028,0.01144326,0.01435580,0.01856608,RATIO,SOURCE_NATIVE_BOUNDED_RATIO,CERT-H1,F-BS_NOTES_RECEIVABLE,MATERIAL,RESOLVED
RATIO_BS_NOTES_RECEIVABLE,BS_NOTES_RECEIVABLE,BALANCE_SHEET_RATIO,2029,0.01144326,0.01435580,0.01856608,RATIO,SOURCE_NATIVE_BOUNDED_RATIO,CERT-H1,F-BS_NOTES_RECEIVABLE,MATERIAL,RESOLVED
RATIO_BS_NOTES_RECEIVABLE,BS_NOTES_RECEIVABLE,BALANCE_SHEET_RATIO,2030,0.01144326,0.01435580,0.01856608,RATIO,SOURCE_NATIVE_BOUNDED_RATIO,CERT-H1,F-BS_NOTES_RECEIVABLE,MATERIAL,RESOLVED
RATIO_BS_OTHER_PAYABLES,BS_OTHER_PAYABLES,BALANCE_SHEET_RATIO,2026,0.00901236,0.01218867,0.01575512,RATIO,SOURCE_NATIVE_BOUNDED_RATIO,CERT-H1,F-BS_OTHER_PAYABLES,MATERIAL,RESOLVED
RATIO_BS_OTHER_PAYABLES,BS_OTHER_PAYABLES,BALANCE_SHEET_RATIO,2027,0.00901236,0.01218867,0.01575512,RATIO,SOURCE_NATIVE_BOUNDED_RATIO,CERT-H1,F-BS_OTHER_PAYABLES,MATERIAL,RESOLVED
RATIO_BS_OTHER_PAYABLES,BS_OTHER_PAYABLES,BALANCE_SHEET_RATIO,2028,0.00901236,0.01218867,0.01575512,RATIO,SOURCE_NATIVE_BOUNDED_RATIO,CERT-H1,F-BS_OTHER_PAYABLES,MATERIAL,RESOLVED
RATIO_BS_OTHER_PAYABLES,BS_OTHER_PAYABLES,BALANCE_SHEET_RATIO,2029,0.00901236,0.01218867,0.01575512,RATIO,SOURCE_NATIVE_BOUNDED_RATIO,CERT-H1,F-BS_OTHER_PAYABLES,MATERIAL,RESOLVED
RATIO_BS_OTHER_PAYABLES,BS_OTHER_PAYABLES,BALANCE_SHEET_RATIO,2030,0.00901236,0.01218867,0.01575512,RATIO,SOURCE_NATIVE_BOUNDED_RATIO,CERT-H1,F-BS_OTHER_PAYABLES,MATERIAL,RESOLVED
RATIO_BS_OTHER_RECEIVABLES,BS_OTHER_RECEIVABLES,BALANCE_SHEET_RATIO,2026,0.00507820,0.00667740,0.01040897,RATIO,SOURCE_NATIVE_BOUNDED_RATIO,CERT-H1,F-BS_OTHER_RECEIVABLES,MATERIAL,RESOLVED
RATIO_BS_OTHER_RECEIVABLES,BS_OTHER_RECEIVABLES,BALANCE_SHEET_RATIO,2027,0.00507820,0.00667740,0.01040897,RATIO,SOURCE_NATIVE_BOUNDED_RATIO,CERT-H1,F-BS_OTHER_RECEIVABLES,MATERIAL,RESOLVED
RATIO_BS_OTHER_RECEIVABLES,BS_OTHER_RECEIVABLES,BALANCE_SHEET_RATIO,2028,0.00507820,0.00667740,0.01040897,RATIO,SOURCE_NATIVE_BOUNDED_RATIO,CERT-H1,F-BS_OTHER_RECEIVABLES,MATERIAL,RESOLVED
RATIO_BS_OTHER_RECEIVABLES,BS_OTHER_RECEIVABLES,BALANCE_SHEET_RATIO,2029,0.00507820,0.00667740,0.01040897,RATIO,SOURCE_NATIVE_BOUNDED_RATIO,CERT-H1,F-BS_OTHER_RECEIVABLES,MATERIAL,RESOLVED
RATIO_BS_OTHER_RECEIVABLES,BS_OTHER_RECEIVABLES,BALANCE_SHEET_RATIO,2030,0.00507820,0.00667740,0.01040897,RATIO,SOURCE_NATIVE_BOUNDED_RATIO,CERT-H1,F-BS_OTHER_RECEIVABLES,MATERIAL,RESOLVED
RATIO_IS_OTHER_INCOME,IS_OTHER_INCOME,SOURCE_NATIVE_HISTORICAL_RATIO,2026,0.00380796,0.00552845,0.00790752,DECIMAL_RATIO,SOURCE_NATIVE_BOUNDED_HISTORICAL_RATIO,CERT-H1,F-SSOT-IS_OTHER_INCOME,MATERIAL,RESOLVED
RATIO_IS_OTHER_INCOME,IS_OTHER_INCOME,SOURCE_NATIVE_HISTORICAL_RATIO,2027,0.00380796,0.00552845,0.00790752,DECIMAL_RATIO,SOURCE_NATIVE_BOUNDED_HISTORICAL_RATIO,CERT-H1,F-SSOT-IS_OTHER_INCOME,MATERIAL,RESOLVED
RATIO_IS_OTHER_INCOME,IS_OTHER_INCOME,SOURCE_NATIVE_HISTORICAL_RATIO,2028,0.00380796,0.00552845,0.00790752,DECIMAL_RATIO,SOURCE_NATIVE_BOUNDED_HISTORICAL_RATIO,CERT-H1,F-SSOT-IS_OTHER_INCOME,MATERIAL,RESOLVED
RATIO_IS_OTHER_INCOME,IS_OTHER_INCOME,SOURCE_NATIVE_HISTORICAL_RATIO,2029,0.00380796,0.00552845,0.00790752,DECIMAL_RATIO,SOURCE_NATIVE_BOUNDED_HISTORICAL_RATIO,CERT-H1,F-SSOT-IS_OTHER_INCOME,MATERIAL,RESOLVED
RATIO_IS_OTHER_INCOME,IS_OTHER_INCOME,SOURCE_NATIVE_HISTORICAL_RATIO,2030,0.00380796,0.00552845,0.00790752,DECIMAL_RATIO,SOURCE_NATIVE_BOUNDED_HISTORICAL_RATIO,CERT-H1,F-SSOT-IS_OTHER_INCOME,MATERIAL,RESOLVED
SEGMENT_REVENUE_BUILDING_TECH,BUILDING_TECH,SEGMENT_REVENUE,2026,40734.63900236,40838.19947275,41103.28261364,RMB_MILLION,GOVERNED_FIXED_POST_2026_MIX,CERT-H1|CERT-H3A|SRC-Q1_BUILDING_YOY|SRC-Q1_INDUSTRIAL_YOY,F-SEGMENT-BUILDING_TECH,MATERIAL,RESOLVED
SEGMENT_REVENUE_BUILDING_TECH,BUILDING_TECH,SEGMENT_REVENUE,2027,42753.00070975,43778.28214040,45912.45966328,RMB_MILLION,GOVERNED_FIXED_POST_2026_MIX,CERT-H1|CERT-H3A|SRC-Q1_BUILDING_YOY|SRC-Q1_INDUSTRIAL_YOY,F-SEGMENT-BUILDING_TECH,MATERIAL,RESOLVED
SEGMENT_REVENUE_BUILDING_TECH,BUILDING_TECH,SEGMENT_REVENUE,2028,45089.09419774,47273.02420690,51518.13508995,RMB_MILLION,GOVERNED_FIXED_POST_2026_MIX,CERT-H1|CERT-H3A|SRC-Q1_BUILDING_YOY|SRC-Q1_INDUSTRIAL_YOY,F-SEGMENT-BUILDING_TECH,MATERIAL,RESOLVED
SEGMENT_REVENUE_BUILDING_TECH,BUILDING_TECH,SEGMENT_REVENUE,2029,47702.08909280,51287.48788388,57978.76948954,RMB_MILLION,GOVERNED_FIXED_POST_2026_MIX,CERT-H1|CERT-H3A|SRC-Q1_BUILDING_YOY|SRC-Q1_INDUSTRIAL_YOY,F-SEGMENT-BUILDING_TECH,MATERIAL,RESOLVED
SEGMENT_REVENUE_BUILDING_TECH,BUILDING_TECH,SEGMENT_REVENUE,2030,50569.14871861,55812.63440174,65374.34855781,RMB_MILLION,GOVERNED_FIXED_POST_2026_MIX,CERT-H1|CERT-H3A|SRC-Q1_BUILDING_YOY|SRC-Q1_INDUSTRIAL_YOY,F-SEGMENT-BUILDING_TECH,MATERIAL,RESOLVED
SEGMENT_REVENUE_ELIMINATIONS,ELIMINATIONS,SEGMENT_REVENUE,2026,0.00000000,0.00000000,0.00000000,RMB_MILLION,GOVERNED_FIXED_POST_2026_MIX,CERT-H1|CERT-H3A|SRC-Q1_BUILDING_YOY|SRC-Q1_INDUSTRIAL_YOY,F-SEGMENT-ELIMINATIONS,MATERIAL,RESOLVED
SEGMENT_REVENUE_ELIMINATIONS,ELIMINATIONS,SEGMENT_REVENUE,2027,0.00000000,0.00000000,0.00000000,RMB_MILLION,GOVERNED_FIXED_POST_2026_MIX,CERT-H1|CERT-H3A|SRC-Q1_BUILDING_YOY|SRC-Q1_INDUSTRIAL_YOY,F-SEGMENT-ELIMINATIONS,MATERIAL,RESOLVED
SEGMENT_REVENUE_ELIMINATIONS,ELIMINATIONS,SEGMENT_REVENUE,2028,0.00000000,0.00000000,0.00000000,RMB_MILLION,GOVERNED_FIXED_POST_2026_MIX,CERT-H1|CERT-H3A|SRC-Q1_BUILDING_YOY|SRC-Q1_INDUSTRIAL_YOY,F-SEGMENT-ELIMINATIONS,MATERIAL,RESOLVED
SEGMENT_REVENUE_ELIMINATIONS,ELIMINATIONS,SEGMENT_REVENUE,2029,0.00000000,0.00000000,0.00000000,RMB_MILLION,GOVERNED_FIXED_POST_2026_MIX,CERT-H1|CERT-H3A|SRC-Q1_BUILDING_YOY|SRC-Q1_INDUSTRIAL_YOY,F-SEGMENT-ELIMINATIONS,MATERIAL,RESOLVED
SEGMENT_REVENUE_ELIMINATIONS,ELIMINATIONS,SEGMENT_REVENUE,2030,0.00000000,0.00000000,0.00000000,RMB_MILLION,GOVERNED_FIXED_POST_2026_MIX,CERT-H1|CERT-H3A|SRC-Q1_BUILDING_YOY|SRC-Q1_INDUSTRIAL_YOY,F-SEGMENT-ELIMINATIONS,MATERIAL,RESOLVED
SEGMENT_REVENUE_INDUSTRIAL_TECH,INDUSTRIAL_TECH,SEGMENT_REVENUE,2026,29704.61999272,29780.13862980,29973.44325111,RMB_MILLION,GOVERNED_FIXED_POST_2026_MIX,CERT-H1|CERT-H3A|SRC-Q1_BUILDING_YOY|SRC-Q1_INDUSTRIAL_YOY,F-SEGMENT-INDUSTRIAL_TECH,MATERIAL,RESOLVED
SEGMENT_REVENUE_INDUSTRIAL_TECH,INDUSTRIAL_TECH,SEGMENT_REVENUE,2027,31176.45499592,31924.11340234,33480.40391741,RMB_MILLION,GOVERNED_FIXED_POST_2026_MIX,CERT-H1|CERT-H3A|SRC-Q1_BUILDING_YOY|SRC-Q1_INDUSTRIAL_YOY,F-SEGMENT-INDUSTRIAL_TECH,MATERIAL,RESOLVED
SEGMENT_REVENUE_INDUSTRIAL_TECH,INDUSTRIAL_TECH,SEGMENT_REVENUE,2028,32879.98719916,34472.55835240,37568.18921341,RMB_MILLION,GOVERNED_FIXED_POST_2026_MIX,CERT-H1|CERT-H3A|SRC-Q1_BUILDING_YOY|SRC-Q1_INDUSTRIAL_YOY,F-SEGMENT-INDUSTRIAL_TECH,MATERIAL,RESOLVED
SEGMENT_REVENUE_INDUSTRIAL_TECH,INDUSTRIAL_TECH,SEGMENT_REVENUE,2029,34785.44217070,37399.99605456,42279.42992775,RMB_MILLION,GOVERNED_FIXED_POST_2026_MIX,CERT-H1|CERT-H3A|SRC-Q1_BUILDING_YOY|SRC-Q1_INDUSTRIAL_YOY,F-SEGMENT-INDUSTRIAL_TECH,MATERIAL,RESOLVED
SEGMENT_REVENUE_INDUSTRIAL_TECH,INDUSTRIAL_TECH,SEGMENT_REVENUE,2030,36876.16688968,40699.83523361,47672.45343869,RMB_MILLION,GOVERNED_FIXED_POST_2026_MIX,CERT-H1|CERT-H3A|SRC-Q1_BUILDING_YOY|SRC-Q1_INDUSTRIAL_YOY,F-SEGMENT-INDUSTRIAL_TECH,MATERIAL,RESOLVED
SEGMENT_REVENUE_OTHER,OTHER,SEGMENT_REVENUE,2026,65264.91674756,66575.61048497,70119.84517028,RMB_MILLION,GOVERNED_FIXED_POST_2026_MIX,CERT-H1|CERT-H3A|SRC-Q1_BUILDING_YOY|SRC-Q1_INDUSTRIAL_YOY,F-SEGMENT-OTHER,MATERIAL,RESOLVED
SEGMENT_REVENUE_OTHER,OTHER,SEGMENT_REVENUE,2027,68498.72983701,71368.61803675,78324.02568032,RMB_MILLION,GOVERNED_FIXED_POST_2026_MIX,CERT-H1|CERT-H3A|SRC-Q1_BUILDING_YOY|SRC-Q1_INDUSTRIAL_YOY,F-SEGMENT-OTHER,MATERIAL,RESOLVED
SEGMENT_REVENUE_OTHER,OTHER,SEGMENT_REVENUE,2028,72241.61183479,77065.84733599,87886.98678704,RMB_MILLION,GOVERNED_FIXED_POST_2026_MIX,CERT-H1|CERT-H3A|SRC-Q1_BUILDING_YOY|SRC-Q1_INDUSTRIAL_YOY,F-SEGMENT-OTHER,MATERIAL,RESOLVED
SEGMENT_REVENUE_OTHER,OTHER,SEGMENT_REVENUE,2029,76428.14443860,83610.34179254,98908.45891761,RMB_MILLION,GOVERNED_FIXED_POST_2026_MIX,CERT-H1|CERT-H3A|SRC-Q1_BUILDING_YOY|SRC-Q1_INDUSTRIAL_YOY,F-SEGMENT-OTHER,MATERIAL,RESOLVED
SEGMENT_REVENUE_OTHER,OTHER,SEGMENT_REVENUE,2030,81021.73879398,90987.36614351,111524.89308630,RMB_MILLION,GOVERNED_FIXED_POST_2026_MIX,CERT-H1|CERT-H3A|SRC-Q1_BUILDING_YOY|SRC-Q1_INDUSTRIAL_YOY,F-SEGMENT-OTHER,MATERIAL,RESOLVED
SEGMENT_REVENUE_SMART_HOME,SMART_HOME,SEGMENT_REVENUE,2026,341924.31881903,348791.07182620,367359.39445503,RMB_MILLION,GOVERNED_FIXED_POST_2026_MIX,CERT-H1|CERT-H3A|SRC-Q1_BUILDING_YOY|SRC-Q1_INDUSTRIAL_YOY,F-SEGMENT-SMART_HOME,MATERIAL,RESOLVED
SEGMENT_REVENUE_SMART_HOME,SMART_HOME,SEGMENT_REVENUE,2027,358866.33595318,373901.74267221,410341.27464669,RMB_MILLION,GOVERNED_FIXED_POST_2026_MIX,CERT-H1|CERT-H3A|SRC-Q1_BUILDING_YOY|SRC-Q1_INDUSTRIAL_YOY,F-SEGMENT-SMART_HOME,MATERIAL,RESOLVED
SEGMENT_REVENUE_SMART_HOME,SMART_HOME,SEGMENT_REVENUE,2028,378475.37617398,403749.65092645,460441.83594758,RMB_MILLION,GOVERNED_FIXED_POST_2026_MIX,CERT-H1|CERT-H3A|SRC-Q1_BUILDING_YOY|SRC-Q1_INDUSTRIAL_YOY,F-SEGMENT-SMART_HOME,MATERIAL,RESOLVED
SEGMENT_REVENUE_SMART_HOME,SMART_HOME,SEGMENT_REVENUE,2029,400408.71157240,438036.39977383,518183.56823548,RMB_MILLION,GOVERNED_FIXED_POST_2026_MIX,CERT-H1|CERT-H3A|SRC-Q1_BUILDING_YOY|SRC-Q1_INDUSTRIAL_YOY,F-SEGMENT-SMART_HOME,MATERIAL,RESOLVED
SEGMENT_REVENUE_SMART_HOME,SMART_HOME,SEGMENT_REVENUE,2030,424474.65234366,476684.79085160,584281.34134287,RMB_MILLION,GOVERNED_FIXED_POST_2026_MIX,CERT-H1|CERT-H3A|SRC-Q1_BUILDING_YOY|SRC-Q1_INDUSTRIAL_YOY,F-SEGMENT-SMART_HOME,MATERIAL,RESOLVED
TAX_PAYABLE_TO_TAX_EXPENSE_PERCENT,BS_TAXES_PAYABLE,TAX_DRIVEN_BALANCE_SHEET,2026,78.08423590,89.97144283,138.51484617,PERCENT,SOURCE_NATIVE_TAX_EXPENSE_LINKED_RANGE,CERT-H1|CERT-H3A,F-BS-TAXES-PAYABLE,MATERIAL,RESOLVED
TAX_PAYABLE_TO_TAX_EXPENSE_PERCENT,BS_TAXES_PAYABLE,TAX_DRIVEN_BALANCE_SHEET,2027,78.08423590,89.97144283,138.51484617,PERCENT,SOURCE_NATIVE_TAX_EXPENSE_LINKED_RANGE,CERT-H1|CERT-H3A,F-BS-TAXES-PAYABLE,MATERIAL,RESOLVED
TAX_PAYABLE_TO_TAX_EXPENSE_PERCENT,BS_TAXES_PAYABLE,TAX_DRIVEN_BALANCE_SHEET,2028,78.08423590,89.97144283,138.51484617,PERCENT,SOURCE_NATIVE_TAX_EXPENSE_LINKED_RANGE,CERT-H1|CERT-H3A,F-BS-TAXES-PAYABLE,MATERIAL,RESOLVED
TAX_PAYABLE_TO_TAX_EXPENSE_PERCENT,BS_TAXES_PAYABLE,TAX_DRIVEN_BALANCE_SHEET,2029,78.08423590,89.97144283,138.51484617,PERCENT,SOURCE_NATIVE_TAX_EXPENSE_LINKED_RANGE,CERT-H1|CERT-H3A,F-BS-TAXES-PAYABLE,MATERIAL,RESOLVED
TAX_PAYABLE_TO_TAX_EXPENSE_PERCENT,BS_TAXES_PAYABLE,TAX_DRIVEN_BALANCE_SHEET,2030,78.08423590,89.97144283,138.51484617,PERCENT,SOURCE_NATIVE_TAX_EXPENSE_LINKED_RANGE,CERT-H1|CERT-H3A,F-BS-TAXES-PAYABLE,MATERIAL,RESOLVED
CAPITAL_RESERVE,BS_CAPITAL_RESERVE,STATEMENT_AUTHORITY,2026,SOURCE_NATIVE,SOURCE_NATIVE,SOURCE_NATIVE,RMB_MILLION,CERTIFIED_AUTHORITY_OR_GOVERNED_SCHEDULE,CERT-H1,F-CAPITAL-RESERVE,MATERIAL,RESOLVED
CASH_POLICY,BS_CASH,STATEMENT_AUTHORITY,2026,SOURCE_NATIVE,SOURCE_NATIVE,SOURCE_NATIVE,RMB_MILLION,CERTIFIED_AUTHORITY_OR_GOVERNED_SCHEDULE,CERT-H1,F-CASH,MATERIAL,RESOLVED
CIP_TRANSFERS,BS_CIP,STATEMENT_AUTHORITY,2026,SOURCE_NATIVE,SOURCE_NATIVE,SOURCE_NATIVE,RMB_MILLION,CERTIFIED_AUTHORITY_OR_GOVERNED_SCHEDULE,CERT-H1,F-PPE-CIP_TRANSFERS,MATERIAL,RESOLVED
CURRENT_PORTION_DEBT,BS_CURRENT_PORTION_DEBT,STATEMENT_AUTHORITY,2026,SOURCE_NATIVE,SOURCE_NATIVE,SOURCE_NATIVE,RMB_MILLION,CERTIFIED_AUTHORITY_OR_GOVERNED_SCHEDULE,CERT-H1,F-DEBT-CURRENT,MATERIAL,RESOLVED
DRV-BS_DERIVATIVE_FINANCIAL_ASSETS,BS_DERIVATIVE_FINANCIAL_ASSETS,STATEMENT_AUTHORITY,2026,SOURCE_NATIVE,SOURCE_NATIVE,SOURCE_NATIVE,RMB_MILLION,CERTIFIED_AUTHORITY_OR_GOVERNED_SCHEDULE,CERT-H1,F-STATEMENT-BS_DERIVATIVE_FINANCIAL_ASSETS,MATERIAL,RESOLVED
ENDING_INTANGIBLES,BS_INTANGIBLES,STATEMENT_AUTHORITY,2026,SOURCE_NATIVE,SOURCE_NATIVE,SOURCE_NATIVE,RMB_MILLION,CERTIFIED_AUTHORITY_OR_GOVERNED_SCHEDULE,CERT-H1,F-PPE-ENDING_INTANGIBLES,MATERIAL,RESOLVED
LONG_TERM_BORROWING_POLICY,BS_LONG_TERM_BORROWINGS,STATEMENT_AUTHORITY,2026,SOURCE_NATIVE,SOURCE_NATIVE,SOURCE_NATIVE,RMB_MILLION,CERTIFIED_AUTHORITY_OR_GOVERNED_SCHEDULE,CERT-H1,F-DEBT-LT,MATERIAL,RESOLVED
NCI_SHARE,BS_NCI,STATEMENT_AUTHORITY,2026,SOURCE_NATIVE,SOURCE_NATIVE,SOURCE_NATIVE,RMB_MILLION,CERTIFIED_AUTHORITY_OR_GOVERNED_SCHEDULE,CERT-H1,F-NCI,MATERIAL,RESOLVED
OTHER_RESERVES,BS_OTHER_RESERVES,STATEMENT_AUTHORITY,2026,SOURCE_NATIVE,SOURCE_NATIVE,SOURCE_NATIVE,RMB_MILLION,CERTIFIED_AUTHORITY_OR_GOVERNED_SCHEDULE,CERT-H1,F-OTHER-RESERVES,MATERIAL,RESOLVED
DERIVED_BS_PARENT_EQUITY,BS_PARENT_EQUITY,STATEMENT_AUTHORITY,2026,SOURCE_NATIVE,SOURCE_NATIVE,SOURCE_NATIVE,RMB_MILLION,CERTIFIED_AUTHORITY_OR_GOVERNED_SCHEDULE,CERT-H1,F-DERIVED-BS_PARENT_EQUITY,MATERIAL,RESOLVED
ENDING_PPE,BS_PPE,STATEMENT_AUTHORITY,2026,SOURCE_NATIVE,SOURCE_NATIVE,SOURCE_NATIVE,RMB_MILLION,CERTIFIED_AUTHORITY_OR_GOVERNED_SCHEDULE,CERT-H1,F-PPE-ENDING_PPE,MATERIAL,RESOLVED
DRV-BS_PREPAYMENTS,BS_PREPAYMENTS,STATEMENT_AUTHORITY,2026,SOURCE_NATIVE,SOURCE_NATIVE,SOURCE_NATIVE,RMB_MILLION,CERTIFIED_AUTHORITY_OR_GOVERNED_SCHEDULE,CERT-H1,F-STATEMENT-BS_PREPAYMENTS,MATERIAL,RESOLVED
RETAINED_EARNINGS,BS_RETAINED_EARNINGS,STATEMENT_AUTHORITY,2026,SOURCE_NATIVE,SOURCE_NATIVE,SOURCE_NATIVE,RMB_MILLION,CERTIFIED_AUTHORITY_OR_GOVERNED_SCHEDULE,CERT-H1,F-RETAINED-EARNINGS,MATERIAL,RESOLVED
SHARE_CAPITAL,BS_SHARE_CAPITAL,STATEMENT_AUTHORITY,2026,SOURCE_NATIVE,SOURCE_NATIVE,SOURCE_NATIVE,RMB_MILLION,CERTIFIED_AUTHORITY_OR_GOVERNED_SCHEDULE,CERT-H1,F-G25-SHARE-CAPITAL,MATERIAL,RESOLVED
SHORT_TERM_BORROWING_POLICY,BS_SHORT_TERM_BORROWING,STATEMENT_AUTHORITY,2026,SOURCE_NATIVE,SOURCE_NATIVE,SOURCE_NATIVE,RMB_MILLION,CERTIFIED_AUTHORITY_OR_GOVERNED_SCHEDULE,CERT-H1,F-DEBT-ST,MATERIAL,RESOLVED
DERIVED_BS_TOTAL_ASSETS,BS_TOTAL_ASSETS,STATEMENT_AUTHORITY,2026,SOURCE_NATIVE,SOURCE_NATIVE,SOURCE_NATIVE,RMB_MILLION,CERTIFIED_AUTHORITY_OR_GOVERNED_SCHEDULE,CERT-H1,F-DERIVED-BS_TOTAL_ASSETS,MATERIAL,RESOLVED
DERIVED_BS_TOTAL_CURRENT_ASSETS,BS_TOTAL_CURRENT_ASSETS,STATEMENT_AUTHORITY,2026,SOURCE_NATIVE,SOURCE_NATIVE,SOURCE_NATIVE,RMB_MILLION,CERTIFIED_AUTHORITY_OR_GOVERNED_SCHEDULE,CERT-H1,F-DERIVED-BS_TOTAL_CURRENT_ASSETS,MATERIAL,RESOLVED
DERIVED_BS_TOTAL_CURRENT_LIABILITIES,BS_TOTAL_CURRENT_LIABILITIES,STATEMENT_AUTHORITY,2026,SOURCE_NATIVE,SOURCE_NATIVE,SOURCE_NATIVE,RMB_MILLION,CERTIFIED_AUTHORITY_OR_GOVERNED_SCHEDULE,CERT-H1,F-DERIVED-BS_TOTAL_CURRENT_LIABILITIES,MATERIAL,RESOLVED
DERIVED_BS_TOTAL_EQUITY,BS_TOTAL_EQUITY,STATEMENT_AUTHORITY,2026,SOURCE_NATIVE,SOURCE_NATIVE,SOURCE_NATIVE,RMB_MILLION,CERTIFIED_AUTHORITY_OR_GOVERNED_SCHEDULE,CERT-H1,F-DERIVED-BS_TOTAL_EQUITY,MATERIAL,RESOLVED
DERIVED_BS_TOTAL_LIABILITIES,BS_TOTAL_LIABILITIES,STATEMENT_AUTHORITY,2026,SOURCE_NATIVE,SOURCE_NATIVE,SOURCE_NATIVE,RMB_MILLION,CERTIFIED_AUTHORITY_OR_GOVERNED_SCHEDULE,CERT-H1,F-DERIVED-BS_TOTAL_LIABILITIES,MATERIAL,RESOLVED
DERIVED_BS_TOTAL_NONCURRENT_ASSETS,BS_TOTAL_NONCURRENT_ASSETS,STATEMENT_AUTHORITY,2026,SOURCE_NATIVE,SOURCE_NATIVE,SOURCE_NATIVE,RMB_MILLION,CERTIFIED_AUTHORITY_OR_GOVERNED_SCHEDULE,CERT-H1,F-DERIVED-BS_TOTAL_NONCURRENT_ASSETS,MATERIAL,RESOLVED
DERIVED_BS_TOTAL_NONCURRENT_LIABILITIES,BS_TOTAL_NONCURRENT_LIABILITIES,STATEMENT_AUTHORITY,2026,SOURCE_NATIVE,SOURCE_NATIVE,SOURCE_NATIVE,RMB_MILLION,CERTIFIED_AUTHORITY_OR_GOVERNED_SCHEDULE,CERT-H1,F-DERIVED-BS_TOTAL_NONCURRENT_LIABILITIES,MATERIAL,RESOLVED
DRV-BS_TRADING_FINANCIAL_ASSETS,BS_TRADING_FINANCIAL_ASSETS,STATEMENT_AUTHORITY,2026,SOURCE_NATIVE,SOURCE_NATIVE,SOURCE_NATIVE,RMB_MILLION,CERTIFIED_AUTHORITY_OR_GOVERNED_SCHEDULE,CERT-H1,F-STATEMENT-BS_TRADING_FINANCIAL_ASSETS,MATERIAL,RESOLVED
TREASURY_SHARES,BS_TREASURY_SHARES,STATEMENT_AUTHORITY,2026,SOURCE_NATIVE,SOURCE_NATIVE,SOURCE_NATIVE,RMB_MILLION,CERTIFIED_AUTHORITY_OR_GOVERNED_SCHEDULE,CERT-H1,F-G25-TREASURY,MATERIAL,RESOLVED
DRV-CF_ACQUISITION_PAYMENTS,CF_ACQUISITION_PAYMENTS,STATEMENT_AUTHORITY,2026,SOURCE_NATIVE,SOURCE_NATIVE,SOURCE_NATIVE,RMB_MILLION,CERTIFIED_AUTHORITY_OR_GOVERNED_SCHEDULE,CERT-H1,F-STATEMENT-CF_ACQUISITION_PAYMENTS,MATERIAL,RESOLVED
DRV-CF_CAPEX,CF_CAPEX,STATEMENT_AUTHORITY,2026,SOURCE_NATIVE,SOURCE_NATIVE,SOURCE_NATIVE,RMB_MILLION,CERTIFIED_AUTHORITY_OR_GOVERNED_SCHEDULE,CERT-H1,F-STATEMENT-CF_CAPEX,MATERIAL,RESOLVED
DRV-CF_CASH_FROM_SALES,CF_CASH_FROM_SALES,STATEMENT_AUTHORITY,2026,SOURCE_NATIVE,SOURCE_NATIVE,SOURCE_NATIVE,RMB_MILLION,CERTIFIED_AUTHORITY_OR_GOVERNED_SCHEDULE,CERT-H1,F-STATEMENT-CF_CASH_FROM_SALES,MATERIAL,RESOLVED
DRV-CF_CASH_TO_EMPLOYEES,CF_CASH_TO_EMPLOYEES,STATEMENT_AUTHORITY,2026,SOURCE_NATIVE,SOURCE_NATIVE,SOURCE_NATIVE,RMB_MILLION,CERTIFIED_AUTHORITY_OR_GOVERNED_SCHEDULE,CERT-H1,F-STATEMENT-CF_CASH_TO_EMPLOYEES,MATERIAL,RESOLVED
DRV-CF_CASH_TO_SUPPLIERS,CF_CASH_TO_SUPPLIERS,STATEMENT_AUTHORITY,2026,SOURCE_NATIVE,SOURCE_NATIVE,SOURCE_NATIVE,RMB_MILLION,CERTIFIED_AUTHORITY_OR_GOVERNED_SCHEDULE,CERT-H1,F-STATEMENT-CF_CASH_TO_SUPPLIERS,MATERIAL,RESOLVED
DRV-CF_CFF,CF_CFF,STATEMENT_AUTHORITY,2026,SOURCE_NATIVE,SOURCE_NATIVE,SOURCE_NATIVE,RMB_MILLION,CERTIFIED_AUTHORITY_OR_GOVERNED_SCHEDULE,CERT-H1,F-STATEMENT-CF_CFF,MATERIAL,RESOLVED
DRV-CF_CFI,CF_CFI,STATEMENT_AUTHORITY,2026,SOURCE_NATIVE,SOURCE_NATIVE,SOURCE_NATIVE,RMB_MILLION,CERTIFIED_AUTHORITY_OR_GOVERNED_SCHEDULE,CERT-H1,F-STATEMENT-CF_CFI,MATERIAL,RESOLVED
DRV-CF_CFO,CF_CFO,STATEMENT_AUTHORITY,2026,SOURCE_NATIVE,SOURCE_NATIVE,SOURCE_NATIVE,RMB_MILLION,CERTIFIED_AUTHORITY_OR_GOVERNED_SCHEDULE,CERT-H1,F-STATEMENT-CF_CFO,MATERIAL,RESOLVED
DRV-CF_CLOSING_CASH,CF_CLOSING_CASH,STATEMENT_AUTHORITY,2026,SOURCE_NATIVE,SOURCE_NATIVE,SOURCE_NATIVE,RMB_MILLION,CERTIFIED_AUTHORITY_OR_GOVERNED_SCHEDULE,CERT-H1,F-STATEMENT-CF_CLOSING_CASH,MATERIAL,RESOLVED
DRV-CF_DEBT_PROCEEDS,CF_DEBT_PROCEEDS,STATEMENT_AUTHORITY,2026,SOURCE_NATIVE,SOURCE_NATIVE,SOURCE_NATIVE,RMB_MILLION,CERTIFIED_AUTHORITY_OR_GOVERNED_SCHEDULE,CERT-H1,F-STATEMENT-CF_DEBT_PROCEEDS,MATERIAL,RESOLVED
DRV-CF_DEBT_REPAYMENTS,CF_DEBT_REPAYMENTS,STATEMENT_AUTHORITY,2026,SOURCE_NATIVE,SOURCE_NATIVE,SOURCE_NATIVE,RMB_MILLION,CERTIFIED_AUTHORITY_OR_GOVERNED_SCHEDULE,CERT-H1,F-STATEMENT-CF_DEBT_REPAYMENTS,MATERIAL,RESOLVED
DRV-CF_DIVIDENDS_INTEREST,CF_DIVIDENDS_INTEREST,STATEMENT_AUTHORITY,2026,SOURCE_NATIVE,SOURCE_NATIVE,SOURCE_NATIVE,RMB_MILLION,CERTIFIED_AUTHORITY_OR_GOVERNED_SCHEDULE,CERT-H1,F-STATEMENT-CF_DIVIDENDS_INTEREST,MATERIAL,RESOLVED
DRV-CF_FX_EFFECT,CF_FX_EFFECT,STATEMENT_AUTHORITY,2026,SOURCE_NATIVE,SOURCE_NATIVE,SOURCE_NATIVE,RMB_MILLION,CERTIFIED_AUTHORITY_OR_GOVERNED_SCHEDULE,CERT-H1,F-STATEMENT-CF_FX_EFFECT,MATERIAL,RESOLVED
DRV-CF_INVESTMENT_PROCEEDS,CF_INVESTMENT_PROCEEDS,STATEMENT_AUTHORITY,2026,SOURCE_NATIVE,SOURCE_NATIVE,SOURCE_NATIVE,RMB_MILLION,CERTIFIED_AUTHORITY_OR_GOVERNED_SCHEDULE,CERT-H1,F-STATEMENT-CF_INVESTMENT_PROCEEDS,MATERIAL,RESOLVED
DRV-CF_INVESTMENT_PURCHASES,CF_INVESTMENT_PURCHASES,STATEMENT_AUTHORITY,2026,SOURCE_NATIVE,SOURCE_NATIVE,SOURCE_NATIVE,RMB_MILLION,CERTIFIED_AUTHORITY_OR_GOVERNED_SCHEDULE,CERT-H1,F-STATEMENT-CF_INVESTMENT_PURCHASES,MATERIAL,RESOLVED
DRV-CF_NET_CHANGE_CASH,CF_NET_CHANGE_CASH,STATEMENT_AUTHORITY,2026,SOURCE_NATIVE,SOURCE_NATIVE,SOURCE_NATIVE,RMB_MILLION,CERTIFIED_AUTHORITY_OR_GOVERNED_SCHEDULE,CERT-H1,F-STATEMENT-CF_NET_CHANGE_CASH,MATERIAL,RESOLVED
DRV-CF_OPENING_CASH,CF_OPENING_CASH,STATEMENT_AUTHORITY,2026,SOURCE_NATIVE,SOURCE_NATIVE,SOURCE_NATIVE,RMB_MILLION,CERTIFIED_AUTHORITY_OR_GOVERNED_SCHEDULE,CERT-H1,F-STATEMENT-CF_OPENING_CASH,MATERIAL,RESOLVED
DRV-CF_TAXES_PAID,CF_TAXES_PAID,STATEMENT_AUTHORITY,2026,SOURCE_NATIVE,SOURCE_NATIVE,SOURCE_NATIVE,RMB_MILLION,CERTIFIED_AUTHORITY_OR_GOVERNED_SCHEDULE,CERT-H1,F-STATEMENT-CF_TAXES_PAID,MATERIAL,RESOLVED
ADMIN_RATIO,IS_ADMIN_EXPENSE,STATEMENT_AUTHORITY,2026,SOURCE_NATIVE,SOURCE_NATIVE,SOURCE_NATIVE,RMB_MILLION,CERTIFIED_AUTHORITY_OR_GOVERNED_SCHEDULE,CERT-H1,F-SSOT-IS_ADMIN_EXPENSE,MATERIAL,RESOLVED
DRV-IS_ASSET_IMPAIRMENT,IS_ASSET_IMPAIRMENT,STATEMENT_AUTHORITY,2026,SOURCE_NATIVE,SOURCE_NATIVE,SOURCE_NATIVE,RMB_MILLION,CERTIFIED_AUTHORITY_OR_GOVERNED_SCHEDULE,CERT-H1,F-STATEMENT-IS_ASSET_IMPAIRMENT,MATERIAL,RESOLVED
DRV-IS_FAIR_VALUE_CHANGE,IS_FAIR_VALUE_CHANGE,STATEMENT_AUTHORITY,2026,SOURCE_NATIVE,SOURCE_NATIVE,SOURCE_NATIVE,RMB_MILLION,CERTIFIED_AUTHORITY_OR_GOVERNED_SCHEDULE,CERT-H1,F-STATEMENT-IS_FAIR_VALUE_CHANGE,MATERIAL,RESOLVED
DRV-IS_FINANCIAL_BUSINESS_INTEREST_INCOME,IS_FINANCIAL_BUSINESS_INTEREST_INCOME,STATEMENT_AUTHORITY,2026,SOURCE_NATIVE,SOURCE_NATIVE,SOURCE_NATIVE,RMB_MILLION,CERTIFIED_AUTHORITY_OR_GOVERNED_SCHEDULE,CERT-H1,F-STATEMENT-IS_FINANCIAL_BUSINESS_INTEREST_INCOME,MATERIAL,RESOLVED
DRV-IS_FINANCING_INTEREST_EXPENSE,IS_FINANCING_INTEREST_EXPENSE,STATEMENT_AUTHORITY,2026,SOURCE_NATIVE,SOURCE_NATIVE,SOURCE_NATIVE,RMB_MILLION,CERTIFIED_AUTHORITY_OR_GOVERNED_SCHEDULE,CERT-H1,F-STATEMENT-IS_FINANCING_INTEREST_EXPENSE,MATERIAL,RESOLVED
EFFECTIVE_TAX_RATE,IS_INCOME_TAX,STATEMENT_AUTHORITY,2026,SOURCE_NATIVE,SOURCE_NATIVE,SOURCE_NATIVE,RMB_MILLION,CERTIFIED_AUTHORITY_OR_GOVERNED_SCHEDULE,CERT-H1,F-SSOT-IS_INCOME_TAX,MATERIAL,RESOLVED
DRV-IS_INVESTMENT_INCOME,IS_INVESTMENT_INCOME,STATEMENT_AUTHORITY,2026,SOURCE_NATIVE,SOURCE_NATIVE,SOURCE_NATIVE,RMB_MILLION,CERTIFIED_AUTHORITY_OR_GOVERNED_SCHEDULE,CERT-H1,F-STATEMENT-IS_INVESTMENT_INCOME,MATERIAL,RESOLVED
DRV-IS_NCI_PROFIT,IS_NCI_PROFIT,STATEMENT_AUTHORITY,2026,SOURCE_NATIVE,SOURCE_NATIVE,SOURCE_NATIVE,RMB_MILLION,CERTIFIED_AUTHORITY_OR_GOVERNED_SCHEDULE,CERT-H1,F-STATEMENT-IS_NCI_PROFIT,MATERIAL,RESOLVED
GROSS_MARGIN,IS_OPERATING_COST,STATEMENT_AUTHORITY,2026,SOURCE_NATIVE,SOURCE_NATIVE,SOURCE_NATIVE,RMB_MILLION,CERTIFIED_AUTHORITY_OR_GOVERNED_SCHEDULE,CERT-H1,F-SSOT-IS_OPERATING_COST,MATERIAL,RESOLVED
REV_GROWTH,IS_OPERATING_REVENUE,STATEMENT_AUTHORITY,2026,SOURCE_NATIVE,SOURCE_NATIVE,SOURCE_NATIVE,RMB_MILLION,CERTIFIED_AUTHORITY_OR_GOVERNED_SCHEDULE,CERT-H1,F-SSOT-IS_OPERATING_REVENUE,MATERIAL,RESOLVED
RD_RATIO,IS_RD_EXPENSE,STATEMENT_AUTHORITY,2026,SOURCE_NATIVE,SOURCE_NATIVE,SOURCE_NATIVE,RMB_MILLION,CERTIFIED_AUTHORITY_OR_GOVERNED_SCHEDULE,CERT-H1,F-SSOT-IS_RD_EXPENSE,MATERIAL,RESOLVED
SELLING_RATIO,IS_SELLING_EXPENSE,STATEMENT_AUTHORITY,2026,SOURCE_NATIVE,SOURCE_NATIVE,SOURCE_NATIVE,RMB_MILLION,CERTIFIED_AUTHORITY_OR_GOVERNED_SCHEDULE,CERT-H1,F-SSOT-IS_SELLING_EXPENSE,MATERIAL,RESOLVED
DRV-IS_TAXES_SURCHARGES,IS_TAXES_SURCHARGES,STATEMENT_AUTHORITY,2026,SOURCE_NATIVE,SOURCE_NATIVE,SOURCE_NATIVE,RMB_MILLION,CERTIFIED_AUTHORITY_OR_GOVERNED_SCHEDULE,CERT-H1,F-STATEMENT-IS_TAXES_SURCHARGES,MATERIAL,RESOLVED
