Scenario,Year,Control,Stored_Value,Independent_Value,Difference,Authority,Formula,Status
BEAR,2026,SEGMENT_RECONCILIATION,477628.49456167,477628.49456167,0.00000000,FROZEN_INPUT_PLUS_FORMULA_REGISTRY,SEGMENT_RECONCILIATION,PASS
BEAR,2026,BS_IDENTITY,631634.18094215,631634.18094215,0.00000000,FROZEN_INPUT_PLUS_FORMULA_REGISTRY,BS_IDENTITY,PASS
BEAR,2026,CASH_ROLLFORWARD,78493.67792992,78493.67792992,0.00000000,FROZEN_INPUT_PLUS_FORMULA_REGISTRY,CASH_ROLLFORWARD,PASS
BEAR,2026,CASH_TO_BS_LINK,96008.72817661,96008.72817661,0.00000000,FROZEN_INPUT_PLUS_FORMULA_REGISTRY,CASH_TO_BS_LINK,PASS
BEAR,2026,EQUITY_ROLLFORWARD,178048.02806751,178048.02806751,0.00000000,FROZEN_INPUT_PLUS_FORMULA_REGISTRY,EQUITY_ROLLFORWARD,PASS
BEAR,2026,NCI_ROLLFORWARD,13664.67328778,13664.67328778,0.00000000,FROZEN_INPUT_PLUS_FORMULA_REGISTRY,NCI_ROLLFORWARD,PASS
BEAR,2026,NET_PROFIT_LINK,35765.43562580,35765.43562580,0.00000000,FROZEN_INPUT_PLUS_FORMULA_REGISTRY,NET_PROFIT_LINK,PASS
BEAR,2026,EPS_RECOMPUTE,4.76914729,4.76914729,0.00000000,FROZEN_INPUT_PLUS_FORMULA_REGISTRY,EPS_RECOMPUTE,PASS
BEAR,2026,PPE_ROLLFORWARD,46282.51146103,46282.51146103,0.00000000,FROZEN_INPUT_PLUS_FORMULA_REGISTRY,PPE_ROLLFORWARD,PASS
BEAR,2026,DEBT_ROLLFORWARD,75336.24455553,75336.24455553,0.00000000,FROZEN_INPUT_PLUS_FORMULA_REGISTRY,DEBT_ROLLFORWARD,PASS
BEAR,2027,SEGMENT_RECONCILIATION,501294.52149586,501294.52149586,0.00000000,FROZEN_INPUT_PLUS_FORMULA_REGISTRY,SEGMENT_RECONCILIATION,PASS
BEAR,2027,BS_IDENTITY,652351.44452605,652351.44452605,0.00000000,FROZEN_INPUT_PLUS_FORMULA_REGISTRY,BS_IDENTITY,PASS
BEAR,2027,CASH_ROLLFORWARD,81546.64558467,81546.64558467,0.00000000,FROZEN_INPUT_PLUS_FORMULA_REGISTRY,CASH_ROLLFORWARD,PASS
BEAR,2027,CASH_TO_BS_LINK,99929.54952017,99929.54952017,0.00000000,FROZEN_INPUT_PLUS_FORMULA_REGISTRY,CASH_TO_BS_LINK,PASS
BEAR,2027,EQUITY_ROLLFORWARD,189185.49078489,189185.49078489,0.00000000,FROZEN_INPUT_PLUS_FORMULA_REGISTRY,EQUITY_ROLLFORWARD,PASS
BEAR,2027,NCI_ROLLFORWARD,14139.97628850,14139.97628850,0.00000000,FROZEN_INPUT_PLUS_FORMULA_REGISTRY,NCI_ROLLFORWARD,PASS
BEAR,2027,NET_PROFIT_LINK,36814.77900650,36814.77900650,0.00000000,FROZEN_INPUT_PLUS_FORMULA_REGISTRY,NET_PROFIT_LINK,PASS
BEAR,2027,EPS_RECOMPUTE,4.90907214,4.90907214,0.00000000,FROZEN_INPUT_PLUS_FORMULA_REGISTRY,EPS_RECOMPUTE,PASS
BEAR,2027,PPE_ROLLFORWARD,48033.87147379,48033.87147379,0.00000000,FROZEN_INPUT_PLUS_FORMULA_REGISTRY,PPE_ROLLFORWARD,PASS
BEAR,2027,DEBT_ROLLFORWARD,69500.98166856,69500.98166856,0.00000000,FROZEN_INPUT_PLUS_FORMULA_REGISTRY,DEBT_ROLLFORWARD,PASS
BEAR,2028,SEGMENT_RECONCILIATION,528686.06940567,528686.06940567,0.00000000,FROZEN_INPUT_PLUS_FORMULA_REGISTRY,SEGMENT_RECONCILIATION,PASS
BEAR,2028,BS_IDENTITY,685531.65660681,685531.65660681,0.00000000,FROZEN_INPUT_PLUS_FORMULA_REGISTRY,BS_IDENTITY,PASS
BEAR,2028,CASH_ROLLFORWARD,94222.07193713,94222.07193713,0.00000000,FROZEN_INPUT_PLUS_FORMULA_REGISTRY,CASH_ROLLFORWARD,PASS
BEAR,2028,CASH_TO_BS_LINK,113609.44763978,113609.44763978,0.00000000,FROZEN_INPUT_PLUS_FORMULA_REGISTRY,CASH_TO_BS_LINK,PASS
BEAR,2028,EQUITY_ROLLFORWARD,200819.03647378,200819.03647378,0.00000000,FROZEN_INPUT_PLUS_FORMULA_REGISTRY,EQUITY_ROLLFORWARD,PASS
BEAR,2028,NCI_ROLLFORWARD,14636.45015469,14636.45015469,0.00000000,FROZEN_INPUT_PLUS_FORMULA_REGISTRY,NCI_ROLLFORWARD,PASS
BEAR,2028,NET_PROFIT_LINK,38454.57663616,38454.57663616,0.00000000,FROZEN_INPUT_PLUS_FORMULA_REGISTRY,NET_PROFIT_LINK,PASS
BEAR,2028,EPS_RECOMPUTE,5.12773119,5.12773119,-0.00000000,FROZEN_INPUT_PLUS_FORMULA_REGISTRY,EPS_RECOMPUTE,PASS
BEAR,2028,PPE_ROLLFORWARD,50171.10971126,50171.10971126,0.00000000,FROZEN_INPUT_PLUS_FORMULA_REGISTRY,PPE_ROLLFORWARD,PASS
BEAR,2028,DEBT_ROLLFORWARD,73113.16513676,73113.16513676,0.00000000,FROZEN_INPUT_PLUS_FORMULA_REGISTRY,DEBT_ROLLFORWARD,PASS
BEAR,2029,SEGMENT_RECONCILIATION,559324.38727450,559324.38727450,0.00000000,FROZEN_INPUT_PLUS_FORMULA_REGISTRY,SEGMENT_RECONCILIATION,PASS
BEAR,2029,BS_IDENTITY,721909.86741482,721909.86741482,0.00000000,FROZEN_INPUT_PLUS_FORMULA_REGISTRY,BS_IDENTITY,PASS
BEAR,2029,CASH_ROLLFORWARD,107571.13542051,107571.13542051,0.00000000,FROZEN_INPUT_PLUS_FORMULA_REGISTRY,CASH_ROLLFORWARD,PASS
BEAR,2029,CASH_TO_BS_LINK,128082.04475455,128082.04475455,0.00000000,FROZEN_INPUT_PLUS_FORMULA_REGISTRY,CASH_TO_BS_LINK,PASS
BEAR,2029,EQUITY_ROLLFORWARD,213059.90591030,213059.90591030,0.00000000,FROZEN_INPUT_PLUS_FORMULA_REGISTRY,EQUITY_ROLLFORWARD,PASS
BEAR,2029,NCI_ROLLFORWARD,15158.84220413,15158.84220413,0.00000000,FROZEN_INPUT_PLUS_FORMULA_REGISTRY,NCI_ROLLFORWARD,PASS
BEAR,2029,NET_PROFIT_LINK,40462.07961253,40462.07961253,0.00000000,FROZEN_INPUT_PLUS_FORMULA_REGISTRY,NET_PROFIT_LINK,PASS
BEAR,2029,EPS_RECOMPUTE,5.39542197,5.39542197,-0.00000000,FROZEN_INPUT_PLUS_FORMULA_REGISTRY,EPS_RECOMPUTE,PASS
BEAR,2029,PPE_ROLLFORWARD,52650.03478439,52650.03478439,0.00000000,FROZEN_INPUT_PLUS_FORMULA_REGISTRY,PPE_ROLLFORWARD,PASS
BEAR,2029,DEBT_ROLLFORWARD,77133.49481733,77133.49481733,0.00000000,FROZEN_INPUT_PLUS_FORMULA_REGISTRY,DEBT_ROLLFORWARD,PASS
BEAR,2030,SEGMENT_RECONCILIATION,592941.70674593,592941.70674593,0.00000000,FROZEN_INPUT_PLUS_FORMULA_REGISTRY,SEGMENT_RECONCILIATION,PASS
BEAR,2030,BS_IDENTITY,761363.07366490,761363.07366490,0.00000000,FROZEN_INPUT_PLUS_FORMULA_REGISTRY,BS_IDENTITY,PASS
BEAR,2030,CASH_ROLLFORWARD,121645.71234971,121645.71234971,0.00000000,FROZEN_INPUT_PLUS_FORMULA_REGISTRY,CASH_ROLLFORWARD,PASS
BEAR,2030,CASH_TO_BS_LINK,143389.39788199,143389.39788199,0.00000000,FROZEN_INPUT_PLUS_FORMULA_REGISTRY,CASH_TO_BS_LINK,PASS
BEAR,2030,EQUITY_ROLLFORWARD,226007.15887550,226007.15887550,0.00000000,FROZEN_INPUT_PLUS_FORMULA_REGISTRY,EQUITY_ROLLFORWARD,PASS
BEAR,2030,NCI_ROLLFORWARD,15711.37991775,15711.37991775,0.00000000,FROZEN_INPUT_PLUS_FORMULA_REGISTRY,NCI_ROLLFORWARD,PASS
BEAR,2030,NET_PROFIT_LINK,42797.02377011,42797.02377011,0.00000000,FROZEN_INPUT_PLUS_FORMULA_REGISTRY,NET_PROFIT_LINK,PASS
BEAR,2030,EPS_RECOMPUTE,5.70677545,5.70677545,0.00000000,FROZEN_INPUT_PLUS_FORMULA_REGISTRY,EPS_RECOMPUTE,PASS
BEAR,2030,PPE_ROLLFORWARD,55442.31260511,55442.31260511,0.00000000,FROZEN_INPUT_PLUS_FORMULA_REGISTRY,PPE_ROLLFORWARD,PASS
BEAR,2030,DEBT_ROLLFORWARD,81529.56366877,81529.56366877,0.00000000,FROZEN_INPUT_PLUS_FORMULA_REGISTRY,DEBT_ROLLFORWARD,PASS
BASE,2026,SEGMENT_RECONCILIATION,485985.02041372,485985.02041372,0.00000000,FROZEN_INPUT_PLUS_FORMULA_REGISTRY,SEGMENT_RECONCILIATION,PASS
BASE,2026,BS_IDENTITY,641287.42962745,641287.42962745,0.00000000,FROZEN_INPUT_PLUS_FORMULA_REGISTRY,BS_IDENTITY,PASS
BASE,2026,CASH_ROLLFORWARD,86281.63794270,86281.63794270,0.00000000,FROZEN_INPUT_PLUS_FORMULA_REGISTRY,CASH_ROLLFORWARD,PASS
BASE,2026,CASH_TO_BS_LINK,104103.12922431,104103.12922431,0.00000000,FROZEN_INPUT_PLUS_FORMULA_REGISTRY,CASH_TO_BS_LINK,PASS
BASE,2026,EQUITY_ROLLFORWARD,180466.77884222,180466.77884222,0.00000000,FROZEN_INPUT_PLUS_FORMULA_REGISTRY,EQUITY_ROLLFORWARD,PASS
BASE,2026,NCI_ROLLFORWARD,13767.89603522,13767.89603522,0.00000000,FROZEN_INPUT_PLUS_FORMULA_REGISTRY,NCI_ROLLFORWARD,PASS
BASE,2026,NET_PROFIT_LINK,43760.59372438,43760.59372438,0.00000000,FROZEN_INPUT_PLUS_FORMULA_REGISTRY,NET_PROFIT_LINK,PASS
BASE,2026,EPS_RECOMPUTE,5.83526322,5.83526322,0.00000000,FROZEN_INPUT_PLUS_FORMULA_REGISTRY,EPS_RECOMPUTE,PASS
BASE,2026,PPE_ROLLFORWARD,45315.16697407,45315.16697407,0.00000000,FROZEN_INPUT_PLUS_FORMULA_REGISTRY,PPE_ROLLFORWARD,PASS
BASE,2026,DEBT_ROLLFORWARD,76371.78330758,76371.78330758,0.00000000,FROZEN_INPUT_PLUS_FORMULA_REGISTRY,DEBT_ROLLFORWARD,PASS
BASE,2027,SEGMENT_RECONCILIATION,520972.75625170,520972.75625170,0.00000000,FROZEN_INPUT_PLUS_FORMULA_REGISTRY,SEGMENT_RECONCILIATION,PASS
BASE,2027,BS_IDENTITY,673410.20154296,673410.20154296,0.00000000,FROZEN_INPUT_PLUS_FORMULA_REGISTRY,BS_IDENTITY,PASS
BASE,2027,CASH_ROLLFORWARD,89827.18288298,89827.18288298,0.00000000,FROZEN_INPUT_PLUS_FORMULA_REGISTRY,CASH_ROLLFORWARD,PASS
BASE,2027,CASH_TO_BS_LINK,108931.70471700,108931.70471700,0.00000000,FROZEN_INPUT_PLUS_FORMULA_REGISTRY,CASH_TO_BS_LINK,PASS
BASE,2027,EQUITY_ROLLFORWARD,194328.70898502,194328.70898502,0.00000000,FROZEN_INPUT_PLUS_FORMULA_REGISTRY,EQUITY_ROLLFORWARD,PASS
BASE,2027,NCI_ROLLFORWARD,14359.46856478,14359.46856478,0.00000000,FROZEN_INPUT_PLUS_FORMULA_REGISTRY,NCI_ROLLFORWARD,PASS
BASE,2027,NET_PROFIT_LINK,45820.48063907,45820.48063907,0.00000000,FROZEN_INPUT_PLUS_FORMULA_REGISTRY,NET_PROFIT_LINK,PASS
BASE,2027,EPS_RECOMPUTE,6.10993916,6.10993916,-0.00000000,FROZEN_INPUT_PLUS_FORMULA_REGISTRY,EPS_RECOMPUTE,PASS
BASE,2027,PPE_ROLLFORWARD,46664.56156400,46664.56156400,0.00000000,FROZEN_INPUT_PLUS_FORMULA_REGISTRY,PPE_ROLLFORWARD,PASS
BASE,2027,DEBT_ROLLFORWARD,71939.50397103,71939.50397103,0.00000000,FROZEN_INPUT_PLUS_FORMULA_REGISTRY,DEBT_ROLLFORWARD,PASS
BASE,2028,SEGMENT_RECONCILIATION,562561.08082174,562561.08082174,0.00000000,FROZEN_INPUT_PLUS_FORMULA_REGISTRY,SEGMENT_RECONCILIATION,PASS
BASE,2028,BS_IDENTITY,720637.92671386,720637.92671386,0.00000000,FROZEN_INPUT_PLUS_FORMULA_REGISTRY,BS_IDENTITY,PASS
BASE,2028,CASH_ROLLFORWARD,103356.97844119,103356.97844119,0.00000000,FROZEN_INPUT_PLUS_FORMULA_REGISTRY,CASH_ROLLFORWARD,PASS
BASE,2028,CASH_TO_BS_LINK,123986.58012872,123986.58012872,0.00000000,FROZEN_INPUT_PLUS_FORMULA_REGISTRY,CASH_TO_BS_LINK,PASS
BASE,2028,EQUITY_ROLLFORWARD,209059.57543858,209059.57543858,0.00000000,FROZEN_INPUT_PLUS_FORMULA_REGISTRY,EQUITY_ROLLFORWARD,PASS
BASE,2028,NCI_ROLLFORWARD,14988.12387041,14988.12387041,0.00000000,FROZEN_INPUT_PLUS_FORMULA_REGISTRY,NCI_ROLLFORWARD,PASS
BASE,2028,NET_PROFIT_LINK,48692.74149982,48692.74149982,0.00000000,FROZEN_INPUT_PLUS_FORMULA_REGISTRY,NET_PROFIT_LINK,PASS
BASE,2028,EPS_RECOMPUTE,6.49294124,6.49294124,0.00000000,FROZEN_INPUT_PLUS_FORMULA_REGISTRY,EPS_RECOMPUTE,PASS
BASE,2028,PPE_ROLLFORWARD,48846.30130108,48846.30130108,0.00000000,FROZEN_INPUT_PLUS_FORMULA_REGISTRY,PPE_ROLLFORWARD,PASS
BASE,2028,DEBT_ROLLFORWARD,77310.94872147,77310.94872147,0.00000000,FROZEN_INPUT_PLUS_FORMULA_REGISTRY,DEBT_ROLLFORWARD,PASS
BASE,2029,SEGMENT_RECONCILIATION,610334.22550481,610334.22550481,0.00000000,FROZEN_INPUT_PLUS_FORMULA_REGISTRY,SEGMENT_RECONCILIATION,PASS
BASE,2029,BS_IDENTITY,773853.04507671,773853.04507671,0.00000000,FROZEN_INPUT_PLUS_FORMULA_REGISTRY,BS_IDENTITY,PASS
BASE,2029,CASH_ROLLFORWARD,117991.79761582,117991.79761582,0.00000000,FROZEN_INPUT_PLUS_FORMULA_REGISTRY,CASH_ROLLFORWARD,PASS
BASE,2029,CASH_TO_BS_LINK,140373.28186290,140373.28186290,0.00000000,FROZEN_INPUT_PLUS_FORMULA_REGISTRY,CASH_TO_BS_LINK,PASS
BASE,2029,EQUITY_ROLLFORWARD,224879.22861074,224879.22861074,0.00000000,FROZEN_INPUT_PLUS_FORMULA_REGISTRY,EQUITY_ROLLFORWARD,PASS
BASE,2029,NCI_ROLLFORWARD,15663.24430078,15663.24430078,0.00000000,FROZEN_INPUT_PLUS_FORMULA_REGISTRY,NCI_ROLLFORWARD,PASS
BASE,2029,NET_PROFIT_LINK,52291.71583066,52291.71583066,0.00000000,FROZEN_INPUT_PLUS_FORMULA_REGISTRY,NET_PROFIT_LINK,PASS
BASE,2029,EPS_RECOMPUTE,6.97284703,6.97284703,-0.00000000,FROZEN_INPUT_PLUS_FORMULA_REGISTRY,EPS_RECOMPUTE,PASS
BASE,2029,PPE_ROLLFORWARD,51744.73741760,51744.73741760,0.00000000,FROZEN_INPUT_PLUS_FORMULA_REGISTRY,PPE_ROLLFORWARD,PASS
BASE,2029,DEBT_ROLLFORWARD,83454.62218027,83454.62218027,0.00000000,FROZEN_INPUT_PLUS_FORMULA_REGISTRY,DEBT_ROLLFORWARD,PASS
BASE,2030,SEGMENT_RECONCILIATION,664184.62663046,664184.62663046,0.00000000,FROZEN_INPUT_PLUS_FORMULA_REGISTRY,SEGMENT_RECONCILIATION,PASS
BASE,2030,BS_IDENTITY,833156.55143927,833156.55143927,0.00000000,FROZEN_INPUT_PLUS_FORMULA_REGISTRY,BS_IDENTITY,PASS
BASE,2030,CASH_ROLLFORWARD,133859.97754838,133859.97754838,0.00000000,FROZEN_INPUT_PLUS_FORMULA_REGISTRY,CASH_ROLLFORWARD,PASS
BASE,2030,CASH_TO_BS_LINK,158216.20260816,158216.20260816,0.00000000,FROZEN_INPUT_PLUS_FORMULA_REGISTRY,CASH_TO_BS_LINK,PASS
BASE,2030,EQUITY_ROLLFORWARD,241991.85884957,241991.85884957,0.00000000,FROZEN_INPUT_PLUS_FORMULA_REGISTRY,EQUITY_ROLLFORWARD,PASS
BASE,2030,NCI_ROLLFORWARD,16393.54389495,16393.54389495,0.00000000,FROZEN_INPUT_PLUS_FORMULA_REGISTRY,NCI_ROLLFORWARD,PASS
BASE,2030,NET_PROFIT_LINK,56565.63945018,56565.63945018,0.00000000,FROZEN_INPUT_PLUS_FORMULA_REGISTRY,NET_PROFIT_LINK,PASS
BASE,2030,EPS_RECOMPUTE,7.54275405,7.54275405,0.00000000,FROZEN_INPUT_PLUS_FORMULA_REGISTRY,EPS_RECOMPUTE,PASS
BASE,2030,PPE_ROLLFORWARD,55292.03077955,55292.03077955,0.00000000,FROZEN_INPUT_PLUS_FORMULA_REGISTRY,PPE_ROLLFORWARD,PASS
BASE,2030,DEBT_ROLLFORWARD,90357.96983357,90357.96983357,0.00000000,FROZEN_INPUT_PLUS_FORMULA_REGISTRY,DEBT_ROLLFORWARD,PASS
BULL,2026,SEGMENT_RECONCILIATION,508555.96549006,508555.96549006,0.00000000,FROZEN_INPUT_PLUS_FORMULA_REGISTRY,SEGMENT_RECONCILIATION,PASS
BULL,2026,BS_IDENTITY,666068.72890281,666068.72890281,0.00000000,FROZEN_INPUT_PLUS_FORMULA_REGISTRY,BS_IDENTITY,PASS
BULL,2026,CASH_ROLLFORWARD,98068.58140862,98068.58140862,0.00000000,FROZEN_INPUT_PLUS_FORMULA_REGISTRY,CASH_ROLLFORWARD,PASS
BULL,2026,CASH_TO_BS_LINK,116717.76877961,116717.76877961,0.00000000,FROZEN_INPUT_PLUS_FORMULA_REGISTRY,CASH_TO_BS_LINK,PASS
BULL,2026,EQUITY_ROLLFORWARD,182003.38783717,182003.38783717,0.00000000,FROZEN_INPUT_PLUS_FORMULA_REGISTRY,EQUITY_ROLLFORWARD,PASS
BULL,2026,NCI_ROLLFORWARD,13833.47244924,13833.47244924,0.00000000,FROZEN_INPUT_PLUS_FORMULA_REGISTRY,NCI_ROLLFORWARD,PASS
BULL,2026,NET_PROFIT_LINK,48839.84040777,48839.84040777,0.00000000,FROZEN_INPUT_PLUS_FORMULA_REGISTRY,NET_PROFIT_LINK,PASS
BULL,2026,EPS_RECOMPUTE,6.51255660,6.51255660,-0.00000000,FROZEN_INPUT_PLUS_FORMULA_REGISTRY,EPS_RECOMPUTE,PASS
BULL,2026,PPE_ROLLFORWARD,48174.76929522,48174.76929522,0.00000000,FROZEN_INPUT_PLUS_FORMULA_REGISTRY,PPE_ROLLFORWARD,PASS
BULL,2026,DEBT_ROLLFORWARD,79168.76960432,79168.76960432,0.00000000,FROZEN_INPUT_PLUS_FORMULA_REGISTRY,DEBT_ROLLFORWARD,PASS
BULL,2027,SEGMENT_RECONCILIATION,568058.16390770,568058.16390770,0.00000000,FROZEN_INPUT_PLUS_FORMULA_REGISTRY,SEGMENT_RECONCILIATION,PASS
BULL,2027,BS_IDENTITY,720549.96419226,720549.96419226,0.00000000,FROZEN_INPUT_PLUS_FORMULA_REGISTRY,BS_IDENTITY,PASS
BULL,2027,CASH_ROLLFORWARD,104557.43084623,104557.43084623,0.00000000,FROZEN_INPUT_PLUS_FORMULA_REGISTRY,CASH_ROLLFORWARD,PASS
BULL,2027,CASH_TO_BS_LINK,125388.61532783,125388.61532783,0.00000000,FROZEN_INPUT_PLUS_FORMULA_REGISTRY,CASH_TO_BS_LINK,PASS
BULL,2027,EQUITY_ROLLFORWARD,198369.83274711,198369.83274711,0.00000000,FROZEN_INPUT_PLUS_FORMULA_REGISTRY,EQUITY_ROLLFORWARD,PASS
BULL,2027,NCI_ROLLFORWARD,14531.92779532,14531.92779532,0.00000000,FROZEN_INPUT_PLUS_FORMULA_REGISTRY,NCI_ROLLFORWARD,PASS
BULL,2027,NET_PROFIT_LINK,54099.13081376,54099.13081376,0.00000000,FROZEN_INPUT_PLUS_FORMULA_REGISTRY,NET_PROFIT_LINK,PASS
BULL,2027,EPS_RECOMPUTE,7.21385755,7.21385755,-0.00000000,FROZEN_INPUT_PLUS_FORMULA_REGISTRY,EPS_RECOMPUTE,PASS
BULL,2027,PPE_ROLLFORWARD,51611.18795175,51611.18795175,0.00000000,FROZEN_INPUT_PLUS_FORMULA_REGISTRY,PPE_ROLLFORWARD,PASS
BULL,2027,DEBT_ROLLFORWARD,77774.31680430,77774.31680430,0.00000000,FROZEN_INPUT_PLUS_FORMULA_REGISTRY,DEBT_ROLLFORWARD,PASS
BULL,2028,SEGMENT_RECONCILIATION,637415.14703798,637415.14703798,0.00000000,FROZEN_INPUT_PLUS_FORMULA_REGISTRY,SEGMENT_RECONCILIATION,PASS
BULL,2028,BS_IDENTITY,793701.31573518,793701.31573518,0.00000000,FROZEN_INPUT_PLUS_FORMULA_REGISTRY,BS_IDENTITY,PASS
BULL,2028,CASH_ROLLFORWARD,121904.30495173,121904.30495173,0.00000000,FROZEN_INPUT_PLUS_FORMULA_REGISTRY,CASH_ROLLFORWARD,PASS
BULL,2028,CASH_TO_BS_LINK,145278.87002790,145278.87002790,0.00000000,FROZEN_INPUT_PLUS_FORMULA_REGISTRY,CASH_TO_BS_LINK,PASS
BULL,2028,EQUITY_ROLLFORWARD,216569.67474495,216569.67474495,0.00000000,FROZEN_INPUT_PLUS_FORMULA_REGISTRY,EQUITY_ROLLFORWARD,PASS
BULL,2028,NCI_ROLLFORWARD,15308.62530117,15308.62530117,0.00000000,FROZEN_INPUT_PLUS_FORMULA_REGISTRY,NCI_ROLLFORWARD,PASS
BULL,2028,NET_PROFIT_LINK,60159.40776681,60159.40776681,0.00000000,FROZEN_INPUT_PLUS_FORMULA_REGISTRY,NET_PROFIT_LINK,PASS
BULL,2028,EPS_RECOMPUTE,8.02196619,8.02196619,0.00000000,FROZEN_INPUT_PLUS_FORMULA_REGISTRY,EPS_RECOMPUTE,PASS
BULL,2028,PPE_ROLLFORWARD,55786.92233848,55786.92233848,0.00000000,FROZEN_INPUT_PLUS_FORMULA_REGISTRY,PPE_ROLLFORWARD,PASS
BULL,2028,DEBT_ROLLFORWARD,86586.84730501,86586.84730501,0.00000000,FROZEN_INPUT_PLUS_FORMULA_REGISTRY,DEBT_ROLLFORWARD,PASS
BULL,2029,SEGMENT_RECONCILIATION,717350.22657038,717350.22657038,0.00000000,FROZEN_INPUT_PLUS_FORMULA_REGISTRY,SEGMENT_RECONCILIATION,PASS
BULL,2029,BS_IDENTITY,877428.94450703,877428.94450703,0.00000000,FROZEN_INPUT_PLUS_FORMULA_REGISTRY,BS_IDENTITY,PASS
BULL,2029,CASH_ROLLFORWARD,141355.31892306,141355.31892306,0.00000000,FROZEN_INPUT_PLUS_FORMULA_REGISTRY,CASH_ROLLFORWARD,PASS
BULL,2029,CASH_TO_BS_LINK,167661.17254340,167661.17254340,0.00000000,FROZEN_INPUT_PLUS_FORMULA_REGISTRY,CASH_TO_BS_LINK,PASS
BULL,2029,EQUITY_ROLLFORWARD,236933.51458256,236933.51458256,0.00000000,FROZEN_INPUT_PLUS_FORMULA_REGISTRY,EQUITY_ROLLFORWARD,PASS
BULL,2029,NCI_ROLLFORWARD,16177.67370353,16177.67370353,0.00000000,FROZEN_INPUT_PLUS_FORMULA_REGISTRY,NCI_ROLLFORWARD,PASS
BULL,2029,NET_PROFIT_LINK,67312.48241803,67312.48241803,0.00000000,FROZEN_INPUT_PLUS_FORMULA_REGISTRY,NET_PROFIT_LINK,PASS
BULL,2029,EPS_RECOMPUTE,8.97579411,8.97579411,0.00000000,FROZEN_INPUT_PLUS_FORMULA_REGISTRY,EPS_RECOMPUTE,PASS
BULL,2029,PPE_ROLLFORWARD,60881.59415889,60881.59415889,0.00000000,FROZEN_INPUT_PLUS_FORMULA_REGISTRY,PPE_ROLLFORWARD,PASS
BULL,2029,DEBT_ROLLFORWARD,96716.02029633,96716.02029633,0.00000000,FROZEN_INPUT_PLUS_FORMULA_REGISTRY,DEBT_ROLLFORWARD,PASS
BULL,2030,SEGMENT_RECONCILIATION,808853.03642567,808853.03642567,0.00000000,FROZEN_INPUT_PLUS_FORMULA_REGISTRY,SEGMENT_RECONCILIATION,PASS
BULL,2030,BS_IDENTITY,972861.93816351,972861.93816351,0.00000000,FROZEN_INPUT_PLUS_FORMULA_REGISTRY,BS_IDENTITY,PASS
BULL,2030,CASH_ROLLFORWARD,163202.37211110,163202.37211110,0.00000000,FROZEN_INPUT_PLUS_FORMULA_REGISTRY,CASH_ROLLFORWARD,PASS
BULL,2030,CASH_TO_BS_LINK,192863.71295757,192863.71295757,0.00000000,FROZEN_INPUT_PLUS_FORMULA_REGISTRY,CASH_TO_BS_LINK,PASS
BULL,2030,EQUITY_ROLLFORWARD,259817.47626362,259817.47626362,0.00000000,FROZEN_INPUT_PLUS_FORMULA_REGISTRY,EQUITY_ROLLFORWARD,PASS
BULL,2030,NCI_ROLLFORWARD,17154.27097090,17154.27097090,0.00000000,FROZEN_INPUT_PLUS_FORMULA_REGISTRY,NCI_ROLLFORWARD,PASS
BULL,2030,NET_PROFIT_LINK,75642.72163767,75642.72163767,0.00000000,FROZEN_INPUT_PLUS_FORMULA_REGISTRY,NET_PROFIT_LINK,PASS
BULL,2030,EPS_RECOMPUTE,10.08659124,10.08659124,0.00000000,FROZEN_INPUT_PLUS_FORMULA_REGISTRY,EPS_RECOMPUTE,PASS
BULL,2030,PPE_ROLLFORWARD,66993.29573999,66993.29573999,0.00000000,FROZEN_INPUT_PLUS_FORMULA_REGISTRY,PPE_ROLLFORWARD,PASS
BULL,2030,DEBT_ROLLFORWARD,108285.24573633,108285.24573633,0.00000000,FROZEN_INPUT_PLUS_FORMULA_REGISTRY,DEBT_ROLLFORWARD,PASS
