Peer,Ticker,Classification,Selection_Reason,Price_Date,Share_Price,Currency,Shares,Market_Cap,Gross_Debt,Cash_And_Short_Term_Investments,NCI,Enterprise_Value,Fiscal_Basis,Revenue,EBITDA,EBIT,Net_Income,Book_Equity,EV_Revenue,EV_EBITDA,EV_EBIT,PE,PB,Accounting_Normalization,Status
GREE,000651.SZ,CORE PEER,China appliance/HVAC pure-play; closest domestic operating comparator,2026-09-11,38.74000168,CNY,5601405741.00000000,216998467808.11356960,83636823292.97000000,162666835090.81000000,3814487320.40000000,141782943330.67356960,TTM_TO_2026-06-30_OR_LATEST_AVAILABLE,163171733641.44000000,40399969518.38000000,35614353634.47000000,27868287180.39000000,148508076556.36000000,0.86891853,3.50948144,3.98106182,7.78657355,1.46118967,LEASES_AND_NCI_INCLUDED_WHERE_PROVIDER_REPORTED; CASH_PROXY_INCLUDES_SHORT_TERM_INVESTMENTS,ELIGIBLE
HAIER_SMART_HOME,600690.SS,CORE PEER,China/global smart-home appliance platform,2026-09-11,21.01000023,CNY,9377629650.00000000,197024001092.86909162,47048142623.45000000,58608784315.82000000,9697133261.41000000,195160492661.90909162,TTM_TO_2026-06-30_OR_LATEST_AVAILABLE,297967799707.08000000,32368000055.78000000,23750270639.54000000,17836057348.84000000,119678355042.24000000,0.65497175,6.02942697,8.21719026,11.04638751,1.64627932,LEASES_AND_NCI_INCLUDED_WHERE_PROVIDER_REPORTED; CASH_PROXY_INCLUDES_SHORT_TERM_INVESTMENTS,ELIGIBLE
HISENSE_HOME_APPLIANCES,000921.SZ,CORE PEER,China appliance and HVAC exposure; smaller scale,2026-09-11,29.12000084,CNY,1384861171.00000000,40327158461.74174907,4294133164.19000000,24442339898.84000000,4578031776.85000000,24756983503.94174907,TTM_TO_2026-06-30_OR_LATEST_AVAILABLE,86150173758.04000000,5627692254.70000000,5627692254.70000000,3093875718.23000000,18499693247.43000000,0.28737009,4.39913598,4.39913598,13.03451145,2.17988255,LEASES_AND_NCI_INCLUDED_WHERE_PROVIDER_REPORTED; CASH_PROXY_INCLUDES_SHORT_TERM_INVESTMENTS,ELIGIBLE
CARRIER_GLOBAL,CARR,SECONDARY PEER,Global HVAC exposure; different geography and portfolio,2026-09-11,57.45999908,USD,825026056.00000000,47405996422.42608622,12394000000.00000000,1344000000.00000000,325000000.00000000,58780996422.42608622,TTM_TO_2026-06-30_OR_LATEST_AVAILABLE,22108000000.00000000,3079000000.00000000,1796000000.00000000,1220000000.00000000,13147000000.00000000,2.65881113,19.09093745,32.72883988,38.85737412,3.60584136,LEASES_AND_NCI_INCLUDED_WHERE_PROVIDER_REPORTED; CASH_PROXY_INCLUDES_SHORT_TERM_INVESTMENTS,ELIGIBLE
DAIKIN_INDUSTRIES,6367.T,SECONDARY PEER,Global HVAC leader; high building-technology comparability,2026-09-11,20780.00000000,JPY,292841612.00000000,6085248697360.00000000,1094585000000.00000000,933484000000.00000000,61884000000.00000000,6308233697360.00000000,TTM_TO_2026-06-30_OR_LATEST_AVAILABLE,5015036000000.00000000,718810000000.00000000,442604000000.00000000,275229000000.00000000,3254652000000.00000000,1.25786409,8.77594037,14.25254561,22.10976568,1.86970794,LEASES_AND_NCI_INCLUDED_WHERE_PROVIDER_REPORTED; CASH_PROXY_INCLUDES_SHORT_TERM_INVESTMENTS,ELIGIBLE
PANASONIC_HOLDINGS,6752.T,SECONDARY PEER,Appliances plus diversified electronics,2026-09-11,4200.00000000,JPY,2334702707.00000000,9805751369400.00000000,1603197000000.00000000,967278000000.00000000,170683000000.00000000,10612353369400.00000000,TTM_TO_2026-06-30_OR_LATEST_AVAILABLE,8048722000000.00000000,305107000000.00000000,305107000000.00000000,189540000000.00000000,5211272000000.00000000,1.31851409,34.78239886,34.78239886,51.73446961,1.88164260,LEASES_AND_NCI_INCLUDED_WHERE_PROVIDER_REPORTED; CASH_PROXY_INCLUDES_SHORT_TERM_INVESTMENTS,ELIGIBLE
SCHNEIDER_ELECTRIC,SU.PA,REFERENCE ONLY,Industrial/building automation reference; limited appliance overlap,2026-09-11,291.10000610,EUR,562327586.00000000,163693563716.77519346,19390000000.00000000,4518000000.00000000,273000000.00000000,178838563716.77519346,TTM_TO_2026-06-30_OR_LATEST_AVAILABLE,42042000000.00000000,8788000000.00000000,7098000000.00000000,4738000000.00000000,24463000000.00000000,4.25380723,20.35031449,25.19562746,34.54908479,6.69147544,LEASES_AND_NCI_INCLUDED_WHERE_PROVIDER_REPORTED; CASH_PROXY_INCLUDES_SHORT_TERM_INVESTMENTS,REFERENCE_OR_INCOMPLETE
SIEMENS,SIE.DE,REFERENCE ONLY,Industrial automation reference; conglomerate mix differs,2026-09-11,264.64999390,EUR,780264198.00000000,206496915238.34529539,49924000000.00000000,22813000000.00000000,6898000000.00000000,240505915238.34529539,TTM_TO_2026-06-30_OR_LATEST_AVAILABLE,81114000000.00000000,16775000000.00000000,13274000000.00000000,7946000000.00000000,68260000000.00000000,2.96503582,14.33716335,18.11857129,25.98753023,3.02515258,LEASES_AND_NCI_INCLUDED_WHERE_PROVIDER_REPORTED; CASH_PROXY_INCLUDES_SHORT_TERM_INVESTMENTS,REFERENCE_OR_INCOMPLETE
ABB,ABBN.SW,REFERENCE ONLY,Automation reference; no major-appliance exposure,2026-09-11,78.66000366,USD,1815147741.00000000,142779527954.32956840,8982000000.00000000,5857000000.00000000,506000000.00000000,146410527954.32956840,TTM_TO_2026-06-30_OR_LATEST_AVAILABLE,35752000000.00000000,7585000000.00000000,6730000000.00000000,5036000000.00000000,15899000000.00000000,4.09517028,19.30264047,21.75490757,28.35177283,8.98040933,LEASES_AND_NCI_INCLUDED_WHERE_PROVIDER_REPORTED; CASH_PROXY_INCLUDES_SHORT_TERM_INVESTMENTS,REFERENCE_OR_INCOMPLETE
