Peer,Price_Date,Financial_Period_End,Metric_Period_Type,Revenue_Period,EBITDA_Period,EBIT_Period,Earnings_Period,Book_Value_Date,Multiple_Basis,Calendarization_Adjustment,Selected,Status
GREE,2026-09-11,2026-06-30,TTM,TTM_ENDED_2026-06-30,TTM_ENDED_2026-06-30,TTM_ENDED_2026-06-30,TTM_ENDED_2026-06-30,2026-06-30,TTM_OR_POINT_IN_TIME,NONE_SOURCE_NATIVE_TTM,YES,PASS
HAIER_SMART_HOME,2026-09-11,2026-06-30,TTM,TTM_ENDED_2026-06-30,TTM_ENDED_2026-06-30,TTM_ENDED_2026-06-30,TTM_ENDED_2026-06-30,2026-06-30,TTM_OR_POINT_IN_TIME,NONE_SOURCE_NATIVE_TTM,YES,PASS
HISENSE_HOME_APPLIANCES,2026-09-11,2026-03-31,TTM,TTM_ENDED_2026-03-31,TTM_ENDED_2026-03-31,TTM_ENDED_2026-03-31,TTM_ENDED_2026-03-31,2026-03-31,TTM_OR_POINT_IN_TIME,NONE_SOURCE_NATIVE_TTM,YES,PASS
CARRIER_GLOBAL,2026-09-11,2026-06-30,TTM,TTM_ENDED_2026-06-30,TTM_ENDED_2026-06-30,TTM_ENDED_2026-06-30,TTM_ENDED_2026-06-30,2026-06-30,TTM_OR_POINT_IN_TIME,NONE_SOURCE_NATIVE_TTM,YES,PASS
DAIKIN_INDUSTRIES,2026-09-11,2026-03-31,TTM,TTM_ENDED_2026-03-31,TTM_ENDED_2026-03-31,TTM_ENDED_2026-03-31,TTM_ENDED_2026-03-31,2026-03-31,TTM_OR_POINT_IN_TIME,NONE_SOURCE_NATIVE_TTM,YES,PASS
PANASONIC_HOLDINGS,2026-09-11,2026-03-31,TTM,TTM_ENDED_2026-03-31,TTM_ENDED_2026-03-31,TTM_ENDED_2026-03-31,TTM_ENDED_2026-03-31,2026-03-31,TTM_OR_POINT_IN_TIME,NONE_SOURCE_NATIVE_TTM,YES,PASS
SCHNEIDER_ELECTRIC,2026-09-11,2026-06-30,TTM,TTM_ENDED_2026-06-30,TTM_ENDED_2026-06-30,TTM_ENDED_2026-06-30,TTM_ENDED_2026-06-30,2026-06-30,TTM_OR_POINT_IN_TIME,NONE_SOURCE_NATIVE_TTM,NO,PASS
SIEMENS,2026-09-11,2026-06-30,TTM,TTM_ENDED_2026-06-30,TTM_ENDED_2026-06-30,TTM_ENDED_2026-06-30,TTM_ENDED_2026-06-30,2026-06-30,TTM_OR_POINT_IN_TIME,NONE_SOURCE_NATIVE_TTM,NO,PASS
ABB,2026-09-11,2026-06-30,TTM,TTM_ENDED_2026-06-30,TTM_ENDED_2026-06-30,TTM_ENDED_2026-06-30,TTM_ENDED_2026-06-30,2026-06-30,TTM_OR_POINT_IN_TIME,NONE_SOURCE_NATIVE_TTM,NO,PASS
