Metric_ID,Unit,Economic_Owner,Formula_Class,Dependencies,Period_Rule,Source_Authority,Materiality,Status
BS_AP,RMB_MILLION,BALANCE_SHEET,GOVERNED_DIRECT_OR_RATIO_DRIVER,,CURRENT_YEAR_WITH_PRIOR_YEAR_WHERE_ROLLFORWARD,H3B_ATTEMPT005_OR_CERTIFIED_UPSTREAM,GOVERNED,PASS
BS_AR,RMB_MILLION,BALANCE_SHEET,GOVERNED_DIRECT_OR_RATIO_DRIVER,,CURRENT_YEAR_WITH_PRIOR_YEAR_WHERE_ROLLFORWARD,H3B_ATTEMPT005_OR_CERTIFIED_UPSTREAM,GOVERNED,PASS
BS_CAPITAL_RESERVE,RMB_MILLION,BALANCE_SHEET,GOVERNED_DIRECT_OR_RATIO_DRIVER,,CURRENT_YEAR_WITH_PRIOR_YEAR_WHERE_ROLLFORWARD,H3B_ATTEMPT005_OR_CERTIFIED_UPSTREAM,GOVERNED,PASS
BS_CASH,RMB_MILLION,BALANCE_SHEET,CASH_TAXONOMY,CF_CLOSING_CASH;BS_RESTRICTED_CASH;BS_TERM_DEPOSITS;BS_CASH_TAXONOMY_OTHER,CURRENT_YEAR_WITH_PRIOR_YEAR_WHERE_ROLLFORWARD,H3B_ATTEMPT005_OR_CERTIFIED_UPSTREAM,MATERIAL,PASS
BS_CASH_TAXONOMY_OTHER,RMB_MILLION,BALANCE_SHEET,GOVERNED_DIRECT_OR_RATIO_DRIVER,,CURRENT_YEAR_WITH_PRIOR_YEAR_WHERE_ROLLFORWARD,H3B_ATTEMPT005_OR_CERTIFIED_UPSTREAM,GOVERNED,PASS
BS_CIP,RMB_MILLION,BALANCE_SHEET,GOVERNED_DIRECT_OR_RATIO_DRIVER,,CURRENT_YEAR_WITH_PRIOR_YEAR_WHERE_ROLLFORWARD,H3B_ATTEMPT005_OR_CERTIFIED_UPSTREAM,GOVERNED,PASS
BS_CONTRACT_ASSETS,RMB_MILLION,BALANCE_SHEET,GOVERNED_DIRECT_OR_RATIO_DRIVER,,CURRENT_YEAR_WITH_PRIOR_YEAR_WHERE_ROLLFORWARD,H3B_ATTEMPT005_OR_CERTIFIED_UPSTREAM,GOVERNED,PASS
BS_CONTRACT_LIABILITIES,RMB_MILLION,BALANCE_SHEET,GOVERNED_DIRECT_OR_RATIO_DRIVER,,CURRENT_YEAR_WITH_PRIOR_YEAR_WHERE_ROLLFORWARD,H3B_ATTEMPT005_OR_CERTIFIED_UPSTREAM,GOVERNED,PASS
BS_CURRENT_PORTION_DEBT,RMB_MILLION,BALANCE_SHEET,GOVERNED_DIRECT_OR_RATIO_DRIVER,,CURRENT_YEAR_WITH_PRIOR_YEAR_WHERE_ROLLFORWARD,H3B_ATTEMPT005_OR_CERTIFIED_UPSTREAM,GOVERNED,PASS
BS_CURRENT_PORTION_NONCURRENT_ASSETS,RMB_MILLION,BALANCE_SHEET,GOVERNED_DIRECT_OR_RATIO_DRIVER,,CURRENT_YEAR_WITH_PRIOR_YEAR_WHERE_ROLLFORWARD,H3B_ATTEMPT005_OR_CERTIFIED_UPSTREAM,GOVERNED,PASS
BS_CURRENT_PORTION_NONCURRENT_ASSETS_FINANCE,RMB_MILLION,BALANCE_SHEET,GOVERNED_DIRECT_OR_RATIO_DRIVER,,CURRENT_YEAR_WITH_PRIOR_YEAR_WHERE_ROLLFORWARD,H3B_ATTEMPT005_OR_CERTIFIED_UPSTREAM,GOVERNED,PASS
BS_CURRENT_PORTION_NONCURRENT_ASSETS_TREASURY,RMB_MILLION,BALANCE_SHEET,GOVERNED_DIRECT_OR_RATIO_DRIVER,,CURRENT_YEAR_WITH_PRIOR_YEAR_WHERE_ROLLFORWARD,H3B_ATTEMPT005_OR_CERTIFIED_UPSTREAM,GOVERNED,PASS
BS_CUSTOMER_DEPOSITS,RMB_MILLION,BALANCE_SHEET,GOVERNED_DIRECT_OR_RATIO_DRIVER,,CURRENT_YEAR_WITH_PRIOR_YEAR_WHERE_ROLLFORWARD,H3B_ATTEMPT005_OR_CERTIFIED_UPSTREAM,GOVERNED,PASS
BS_DERIVATIVE_FINANCIAL_ASSETS,RMB_MILLION,BALANCE_SHEET,GOVERNED_DIRECT_OR_RATIO_DRIVER,,CURRENT_YEAR_WITH_PRIOR_YEAR_WHERE_ROLLFORWARD,H3B_ATTEMPT005_OR_CERTIFIED_UPSTREAM,GOVERNED,PASS
BS_DERIVATIVE_LIABILITIES,RMB_MILLION,BALANCE_SHEET,GOVERNED_DIRECT_OR_RATIO_DRIVER,,CURRENT_YEAR_WITH_PRIOR_YEAR_WHERE_ROLLFORWARD,H3B_ATTEMPT005_OR_CERTIFIED_UPSTREAM,GOVERNED,PASS
BS_EMPLOYEE_COMP,RMB_MILLION,BALANCE_SHEET,GOVERNED_DIRECT_OR_RATIO_DRIVER,,CURRENT_YEAR_WITH_PRIOR_YEAR_WHERE_ROLLFORWARD,H3B_ATTEMPT005_OR_CERTIFIED_UPSTREAM,GOVERNED,PASS
BS_GOODWILL,RMB_MILLION,BALANCE_SHEET,GOVERNED_DIRECT_OR_RATIO_DRIVER,,CURRENT_YEAR_WITH_PRIOR_YEAR_WHERE_ROLLFORWARD,H3B_ATTEMPT005_OR_CERTIFIED_UPSTREAM,GOVERNED,PASS
BS_INCOME_TAX_PAYABLE,RMB_MILLION,BALANCE_SHEET,GOVERNED_DIRECT_OR_RATIO_DRIVER,,CURRENT_YEAR_WITH_PRIOR_YEAR_WHERE_ROLLFORWARD,H3B_ATTEMPT005_OR_CERTIFIED_UPSTREAM,GOVERNED,PASS
BS_INTANGIBLES,RMB_MILLION,BALANCE_SHEET,GOVERNED_DIRECT_OR_RATIO_DRIVER,,CURRENT_YEAR_WITH_PRIOR_YEAR_WHERE_ROLLFORWARD,H3B_ATTEMPT005_OR_CERTIFIED_UPSTREAM,GOVERNED,PASS
BS_INVENTORY,RMB_MILLION,BALANCE_SHEET,GOVERNED_DIRECT_OR_RATIO_DRIVER,,CURRENT_YEAR_WITH_PRIOR_YEAR_WHERE_ROLLFORWARD,H3B_ATTEMPT005_OR_CERTIFIED_UPSTREAM,GOVERNED,PASS
BS_LOANS_ADVANCES_CURRENT,RMB_MILLION,BALANCE_SHEET,GOVERNED_DIRECT_OR_RATIO_DRIVER,,CURRENT_YEAR_WITH_PRIOR_YEAR_WHERE_ROLLFORWARD,H3B_ATTEMPT005_OR_CERTIFIED_UPSTREAM,GOVERNED,PASS
BS_LONG_TERM_BORROWINGS,RMB_MILLION,BALANCE_SHEET,GOVERNED_DIRECT_OR_RATIO_DRIVER,,CURRENT_YEAR_WITH_PRIOR_YEAR_WHERE_ROLLFORWARD,H3B_ATTEMPT005_OR_CERTIFIED_UPSTREAM,GOVERNED,PASS
BS_LONG_TERM_INVESTMENTS,RMB_MILLION,BALANCE_SHEET,GOVERNED_DIRECT_OR_RATIO_DRIVER,,CURRENT_YEAR_WITH_PRIOR_YEAR_WHERE_ROLLFORWARD,H3B_ATTEMPT005_OR_CERTIFIED_UPSTREAM,GOVERNED,PASS
BS_NCI,RMB_MILLION,BALANCE_SHEET,GOVERNED_DIRECT_OR_RATIO_DRIVER,,CURRENT_YEAR_WITH_PRIOR_YEAR_WHERE_ROLLFORWARD,H3B_ATTEMPT005_OR_CERTIFIED_UPSTREAM,GOVERNED,PASS
BS_NOTES_PAYABLE,RMB_MILLION,BALANCE_SHEET,GOVERNED_DIRECT_OR_RATIO_DRIVER,,CURRENT_YEAR_WITH_PRIOR_YEAR_WHERE_ROLLFORWARD,H3B_ATTEMPT005_OR_CERTIFIED_UPSTREAM,GOVERNED,PASS
BS_NOTES_RECEIVABLE,RMB_MILLION,BALANCE_SHEET,GOVERNED_DIRECT_OR_RATIO_DRIVER,,CURRENT_YEAR_WITH_PRIOR_YEAR_WHERE_ROLLFORWARD,H3B_ATTEMPT005_OR_CERTIFIED_UPSTREAM,GOVERNED,PASS
BS_OTHER_CURRENT_ASSETS,RMB_MILLION,BALANCE_SHEET,GOVERNED_DIRECT_OR_RATIO_DRIVER,,CURRENT_YEAR_WITH_PRIOR_YEAR_WHERE_ROLLFORWARD,H3B_ATTEMPT005_OR_CERTIFIED_UPSTREAM,GOVERNED,PASS
BS_OTHER_CURRENT_ASSETS_HEDGE,RMB_MILLION,BALANCE_SHEET,GOVERNED_DIRECT_OR_RATIO_DRIVER,,CURRENT_YEAR_WITH_PRIOR_YEAR_WHERE_ROLLFORWARD,H3B_ATTEMPT005_OR_CERTIFIED_UPSTREAM,GOVERNED,PASS
BS_OTHER_CURRENT_ASSETS_OPERATING,RMB_MILLION,BALANCE_SHEET,GOVERNED_DIRECT_OR_RATIO_DRIVER,,CURRENT_YEAR_WITH_PRIOR_YEAR_WHERE_ROLLFORWARD,H3B_ATTEMPT005_OR_CERTIFIED_UPSTREAM,GOVERNED,PASS
BS_OTHER_CURRENT_ASSETS_TREASURY,RMB_MILLION,BALANCE_SHEET,GOVERNED_DIRECT_OR_RATIO_DRIVER,,CURRENT_YEAR_WITH_PRIOR_YEAR_WHERE_ROLLFORWARD,H3B_ATTEMPT005_OR_CERTIFIED_UPSTREAM,GOVERNED,PASS
BS_OTHER_CURRENT_LIABILITIES,RMB_MILLION,BALANCE_SHEET,GOVERNED_DIRECT_OR_RATIO_DRIVER,,CURRENT_YEAR_WITH_PRIOR_YEAR_WHERE_ROLLFORWARD,H3B_ATTEMPT005_OR_CERTIFIED_UPSTREAM,GOVERNED,PASS
BS_OTHER_CURRENT_LIABILITIES_HEDGE,RMB_MILLION,BALANCE_SHEET,GOVERNED_DIRECT_OR_RATIO_DRIVER,,CURRENT_YEAR_WITH_PRIOR_YEAR_WHERE_ROLLFORWARD,H3B_ATTEMPT005_OR_CERTIFIED_UPSTREAM,GOVERNED,PASS
BS_OTHER_CURRENT_LIABILITIES_OPERATING,RMB_MILLION,BALANCE_SHEET,GOVERNED_DIRECT_OR_RATIO_DRIVER,,CURRENT_YEAR_WITH_PRIOR_YEAR_WHERE_ROLLFORWARD,H3B_ATTEMPT005_OR_CERTIFIED_UPSTREAM,GOVERNED,PASS
BS_OTHER_NONCURRENT_FINANCIAL_ASSETS,RMB_MILLION,BALANCE_SHEET,GOVERNED_DIRECT_OR_RATIO_DRIVER,,CURRENT_YEAR_WITH_PRIOR_YEAR_WHERE_ROLLFORWARD,H3B_ATTEMPT005_OR_CERTIFIED_UPSTREAM,GOVERNED,PASS
BS_OTHER_PAYABLES,RMB_MILLION,BALANCE_SHEET,GOVERNED_DIRECT_OR_RATIO_DRIVER,,CURRENT_YEAR_WITH_PRIOR_YEAR_WHERE_ROLLFORWARD,H3B_ATTEMPT005_OR_CERTIFIED_UPSTREAM,GOVERNED,PASS
BS_OTHER_RECEIVABLES,RMB_MILLION,BALANCE_SHEET,GOVERNED_DIRECT_OR_RATIO_DRIVER,,CURRENT_YEAR_WITH_PRIOR_YEAR_WHERE_ROLLFORWARD,H3B_ATTEMPT005_OR_CERTIFIED_UPSTREAM,GOVERNED,PASS
BS_OTHER_RESERVES,RMB_MILLION,BALANCE_SHEET,GOVERNED_DIRECT_OR_RATIO_DRIVER,,CURRENT_YEAR_WITH_PRIOR_YEAR_WHERE_ROLLFORWARD,H3B_ATTEMPT005_OR_CERTIFIED_UPSTREAM,GOVERNED,PASS
BS_OTHER_TAXES_PAYABLE,RMB_MILLION,BALANCE_SHEET,GOVERNED_DIRECT_OR_RATIO_DRIVER,,CURRENT_YEAR_WITH_PRIOR_YEAR_WHERE_ROLLFORWARD,H3B_ATTEMPT005_OR_CERTIFIED_UPSTREAM,GOVERNED,PASS
BS_PARENT_EQUITY,RMB_MILLION,BALANCE_SHEET,SUM,BS_SHARE_CAPITAL;BS_CAPITAL_RESERVE;BS_OTHER_RESERVES;BS_RETAINED_EARNINGS;BS_TREASURY_SHARES,CURRENT_YEAR_WITH_PRIOR_YEAR_WHERE_ROLLFORWARD,H3B_ATTEMPT005_OR_CERTIFIED_UPSTREAM,MATERIAL,PASS
BS_PPE,RMB_MILLION,BALANCE_SHEET,GOVERNED_DIRECT_OR_RATIO_DRIVER,,CURRENT_YEAR_WITH_PRIOR_YEAR_WHERE_ROLLFORWARD,H3B_ATTEMPT005_OR_CERTIFIED_UPSTREAM,GOVERNED,PASS
BS_PREPAYMENTS,RMB_MILLION,BALANCE_SHEET,GOVERNED_DIRECT_OR_RATIO_DRIVER,,CURRENT_YEAR_WITH_PRIOR_YEAR_WHERE_ROLLFORWARD,H3B_ATTEMPT005_OR_CERTIFIED_UPSTREAM,GOVERNED,PASS
BS_RECEIVABLES_FINANCING,RMB_MILLION,BALANCE_SHEET,GOVERNED_DIRECT_OR_RATIO_DRIVER,,CURRENT_YEAR_WITH_PRIOR_YEAR_WHERE_ROLLFORWARD,H3B_ATTEMPT005_OR_CERTIFIED_UPSTREAM,GOVERNED,PASS
BS_RESTRICTED_CASH,RMB_MILLION,BALANCE_SHEET,GOVERNED_DIRECT_OR_RATIO_DRIVER,,CURRENT_YEAR_WITH_PRIOR_YEAR_WHERE_ROLLFORWARD,H3B_ATTEMPT005_OR_CERTIFIED_UPSTREAM,GOVERNED,PASS
BS_RETAINED_EARNINGS,RMB_MILLION,BALANCE_SHEET,ROLLFORWARD,IS_ATTRIBUTABLE_NI;DIVIDENDS,CURRENT_YEAR_WITH_PRIOR_YEAR_WHERE_ROLLFORWARD,H3B_ATTEMPT005_OR_CERTIFIED_UPSTREAM,MATERIAL,PASS
BS_SHARE_CAPITAL,RMB_MILLION,BALANCE_SHEET,GOVERNED_DIRECT_OR_RATIO_DRIVER,,CURRENT_YEAR_WITH_PRIOR_YEAR_WHERE_ROLLFORWARD,H3B_ATTEMPT005_OR_CERTIFIED_UPSTREAM,GOVERNED,PASS
BS_SHORT_TERM_BORROWING,RMB_MILLION,BALANCE_SHEET,GOVERNED_DIRECT_OR_RATIO_DRIVER,,CURRENT_YEAR_WITH_PRIOR_YEAR_WHERE_ROLLFORWARD,H3B_ATTEMPT005_OR_CERTIFIED_UPSTREAM,GOVERNED,PASS
BS_TAXES_PAYABLE,RMB_MILLION,BALANCE_SHEET,GOVERNED_DIRECT_OR_RATIO_DRIVER,,CURRENT_YEAR_WITH_PRIOR_YEAR_WHERE_ROLLFORWARD,H3B_ATTEMPT005_OR_CERTIFIED_UPSTREAM,GOVERNED,PASS
BS_TERM_DEPOSITS,RMB_MILLION,BALANCE_SHEET,GOVERNED_DIRECT_OR_RATIO_DRIVER,,CURRENT_YEAR_WITH_PRIOR_YEAR_WHERE_ROLLFORWARD,H3B_ATTEMPT005_OR_CERTIFIED_UPSTREAM,GOVERNED,PASS
BS_TOTAL_ASSETS,RMB_MILLION,BALANCE_SHEET,SUM,BS_TOTAL_CURRENT_ASSETS;BS_TOTAL_NONCURRENT_ASSETS,CURRENT_YEAR_WITH_PRIOR_YEAR_WHERE_ROLLFORWARD,H3B_ATTEMPT005_OR_CERTIFIED_UPSTREAM,MATERIAL,PASS
BS_TOTAL_CURRENT_ASSETS,RMB_MILLION,BALANCE_SHEET,GOVERNED_DIRECT_OR_RATIO_DRIVER,,CURRENT_YEAR_WITH_PRIOR_YEAR_WHERE_ROLLFORWARD,H3B_ATTEMPT005_OR_CERTIFIED_UPSTREAM,GOVERNED,PASS
BS_TOTAL_CURRENT_ASSETS_OTHER_IMMATERIAL_COMPONENTS,RMB_MILLION,BALANCE_SHEET,GOVERNED_DIRECT_OR_RATIO_DRIVER,,CURRENT_YEAR_WITH_PRIOR_YEAR_WHERE_ROLLFORWARD,H3B_ATTEMPT005_OR_CERTIFIED_UPSTREAM,GOVERNED,PASS
BS_TOTAL_CURRENT_LIABILITIES,RMB_MILLION,BALANCE_SHEET,GOVERNED_DIRECT_OR_RATIO_DRIVER,,CURRENT_YEAR_WITH_PRIOR_YEAR_WHERE_ROLLFORWARD,H3B_ATTEMPT005_OR_CERTIFIED_UPSTREAM,GOVERNED,PASS
BS_TOTAL_CURRENT_LIABILITIES_OTHER_IMMATERIAL_COMPONENTS,RMB_MILLION,BALANCE_SHEET,GOVERNED_DIRECT_OR_RATIO_DRIVER,,CURRENT_YEAR_WITH_PRIOR_YEAR_WHERE_ROLLFORWARD,H3B_ATTEMPT005_OR_CERTIFIED_UPSTREAM,GOVERNED,PASS
BS_TOTAL_EQUITY,RMB_MILLION,BALANCE_SHEET,SUM,BS_PARENT_EQUITY;BS_NCI,CURRENT_YEAR_WITH_PRIOR_YEAR_WHERE_ROLLFORWARD,H3B_ATTEMPT005_OR_CERTIFIED_UPSTREAM,MATERIAL,PASS
BS_TOTAL_LIABILITIES,RMB_MILLION,BALANCE_SHEET,SUM,BS_TOTAL_CURRENT_LIABILITIES;BS_TOTAL_NONCURRENT_LIABILITIES,CURRENT_YEAR_WITH_PRIOR_YEAR_WHERE_ROLLFORWARD,H3B_ATTEMPT005_OR_CERTIFIED_UPSTREAM,MATERIAL,PASS
BS_TOTAL_NONCURRENT_ASSETS,RMB_MILLION,BALANCE_SHEET,GOVERNED_DIRECT_OR_RATIO_DRIVER,,CURRENT_YEAR_WITH_PRIOR_YEAR_WHERE_ROLLFORWARD,H3B_ATTEMPT005_OR_CERTIFIED_UPSTREAM,GOVERNED,PASS
BS_TOTAL_NONCURRENT_ASSETS_OTHER_IMMATERIAL_COMPONENTS,RMB_MILLION,BALANCE_SHEET,GOVERNED_DIRECT_OR_RATIO_DRIVER,,CURRENT_YEAR_WITH_PRIOR_YEAR_WHERE_ROLLFORWARD,H3B_ATTEMPT005_OR_CERTIFIED_UPSTREAM,GOVERNED,PASS
BS_TOTAL_NONCURRENT_LIABILITIES,RMB_MILLION,BALANCE_SHEET,GOVERNED_DIRECT_OR_RATIO_DRIVER,,CURRENT_YEAR_WITH_PRIOR_YEAR_WHERE_ROLLFORWARD,H3B_ATTEMPT005_OR_CERTIFIED_UPSTREAM,GOVERNED,PASS
BS_TOTAL_NONCURRENT_LIABILITIES_OTHER_IMMATERIAL_COMPONENTS,RMB_MILLION,BALANCE_SHEET,GOVERNED_DIRECT_OR_RATIO_DRIVER,,CURRENT_YEAR_WITH_PRIOR_YEAR_WHERE_ROLLFORWARD,H3B_ATTEMPT005_OR_CERTIFIED_UPSTREAM,GOVERNED,PASS
BS_TRADING_FINANCIAL_ASSETS,RMB_MILLION,BALANCE_SHEET,GOVERNED_DIRECT_OR_RATIO_DRIVER,,CURRENT_YEAR_WITH_PRIOR_YEAR_WHERE_ROLLFORWARD,H3B_ATTEMPT005_OR_CERTIFIED_UPSTREAM,GOVERNED,PASS
BS_TRADING_FINANCIAL_LIABILITIES,RMB_MILLION,BALANCE_SHEET,GOVERNED_DIRECT_OR_RATIO_DRIVER,,CURRENT_YEAR_WITH_PRIOR_YEAR_WHERE_ROLLFORWARD,H3B_ATTEMPT005_OR_CERTIFIED_UPSTREAM,GOVERNED,PASS
BS_TREASURY_SHARES,RMB_MILLION,BALANCE_SHEET,GOVERNED_DIRECT_OR_RATIO_DRIVER,,CURRENT_YEAR_WITH_PRIOR_YEAR_WHERE_ROLLFORWARD,H3B_ATTEMPT005_OR_CERTIFIED_UPSTREAM,GOVERNED,PASS
CF_ACQUISITION_PAYMENTS,RMB_MILLION,CASH_FLOW,GOVERNED_DIRECT_OR_RATIO_DRIVER,,CURRENT_YEAR_WITH_PRIOR_YEAR_WHERE_ROLLFORWARD,H3B_ATTEMPT005_OR_CERTIFIED_UPSTREAM,GOVERNED,PASS
CF_CAPEX,RMB_MILLION,CASH_FLOW,NEGATE,PPE_CAPEX,CURRENT_YEAR_WITH_PRIOR_YEAR_WHERE_ROLLFORWARD,H3B_ATTEMPT005_OR_CERTIFIED_UPSTREAM,MATERIAL,PASS
CF_CASH_FROM_SALES,RMB_MILLION,CASH_FLOW,GOVERNED_DIRECT_OR_RATIO_DRIVER,,CURRENT_YEAR_WITH_PRIOR_YEAR_WHERE_ROLLFORWARD,H3B_ATTEMPT005_OR_CERTIFIED_UPSTREAM,GOVERNED,PASS
CF_CASH_TO_EMPLOYEES,RMB_MILLION,CASH_FLOW,GOVERNED_DIRECT_OR_RATIO_DRIVER,,CURRENT_YEAR_WITH_PRIOR_YEAR_WHERE_ROLLFORWARD,H3B_ATTEMPT005_OR_CERTIFIED_UPSTREAM,GOVERNED,PASS
CF_CASH_TO_SUPPLIERS,RMB_MILLION,CASH_FLOW,GOVERNED_DIRECT_OR_RATIO_DRIVER,,CURRENT_YEAR_WITH_PRIOR_YEAR_WHERE_ROLLFORWARD,H3B_ATTEMPT005_OR_CERTIFIED_UPSTREAM,GOVERNED,PASS
CF_CFF,RMB_MILLION,CASH_FLOW,GOVERNED_DIRECT_OR_RATIO_DRIVER,,CURRENT_YEAR_WITH_PRIOR_YEAR_WHERE_ROLLFORWARD,H3B_ATTEMPT005_OR_CERTIFIED_UPSTREAM,GOVERNED,PASS
CF_CFI,RMB_MILLION,CASH_FLOW,GOVERNED_DIRECT_OR_RATIO_DRIVER,,CURRENT_YEAR_WITH_PRIOR_YEAR_WHERE_ROLLFORWARD,H3B_ATTEMPT005_OR_CERTIFIED_UPSTREAM,GOVERNED,PASS
CF_CFO,RMB_MILLION,CASH_FLOW,GOVERNED_DIRECT_OR_RATIO_DRIVER,,CURRENT_YEAR_WITH_PRIOR_YEAR_WHERE_ROLLFORWARD,H3B_ATTEMPT005_OR_CERTIFIED_UPSTREAM,GOVERNED,PASS
CF_CLOSING_CASH,RMB_MILLION,CASH_FLOW,ROLLFORWARD,CF_OPENING_CASH;CF_NET_CHANGE_CASH,CURRENT_YEAR_WITH_PRIOR_YEAR_WHERE_ROLLFORWARD,H3B_ATTEMPT005_OR_CERTIFIED_UPSTREAM,MATERIAL,PASS
CF_DEBT_PROCEEDS,RMB_MILLION,CASH_FLOW,GOVERNED_DIRECT_OR_RATIO_DRIVER,,CURRENT_YEAR_WITH_PRIOR_YEAR_WHERE_ROLLFORWARD,H3B_ATTEMPT005_OR_CERTIFIED_UPSTREAM,GOVERNED,PASS
CF_DEBT_REPAYMENTS,RMB_MILLION,CASH_FLOW,GOVERNED_DIRECT_OR_RATIO_DRIVER,,CURRENT_YEAR_WITH_PRIOR_YEAR_WHERE_ROLLFORWARD,H3B_ATTEMPT005_OR_CERTIFIED_UPSTREAM,GOVERNED,PASS
CF_DIVIDENDS_INTEREST,RMB_MILLION,CASH_FLOW,GOVERNED_DIRECT_OR_RATIO_DRIVER,,CURRENT_YEAR_WITH_PRIOR_YEAR_WHERE_ROLLFORWARD,H3B_ATTEMPT005_OR_CERTIFIED_UPSTREAM,GOVERNED,PASS
CF_FX_EFFECT,RMB_MILLION,CASH_FLOW,GOVERNED_DIRECT_OR_RATIO_DRIVER,,CURRENT_YEAR_WITH_PRIOR_YEAR_WHERE_ROLLFORWARD,H3B_ATTEMPT005_OR_CERTIFIED_UPSTREAM,GOVERNED,PASS
CF_INVESTMENT_PROCEEDS,RMB_MILLION,CASH_FLOW,GOVERNED_DIRECT_OR_RATIO_DRIVER,,CURRENT_YEAR_WITH_PRIOR_YEAR_WHERE_ROLLFORWARD,H3B_ATTEMPT005_OR_CERTIFIED_UPSTREAM,GOVERNED,PASS
CF_INVESTMENT_PURCHASES,RMB_MILLION,CASH_FLOW,GOVERNED_DIRECT_OR_RATIO_DRIVER,,CURRENT_YEAR_WITH_PRIOR_YEAR_WHERE_ROLLFORWARD,H3B_ATTEMPT005_OR_CERTIFIED_UPSTREAM,GOVERNED,PASS
CF_NET_CHANGE_CASH,RMB_MILLION,CASH_FLOW,SUM,CF_CFO;CF_CFI;CF_CFF;CF_FX_EFFECT,CURRENT_YEAR_WITH_PRIOR_YEAR_WHERE_ROLLFORWARD,H3B_ATTEMPT005_OR_CERTIFIED_UPSTREAM,MATERIAL,PASS
CF_OPENING_CASH,RMB_MILLION,CASH_FLOW,GOVERNED_DIRECT_OR_RATIO_DRIVER,,CURRENT_YEAR_WITH_PRIOR_YEAR_WHERE_ROLLFORWARD,H3B_ATTEMPT005_OR_CERTIFIED_UPSTREAM,GOVERNED,PASS
CF_TAXES_PAID,RMB_MILLION,CASH_FLOW,GOVERNED_DIRECT_OR_RATIO_DRIVER,,CURRENT_YEAR_WITH_PRIOR_YEAR_WHERE_ROLLFORWARD,H3B_ATTEMPT005_OR_CERTIFIED_UPSTREAM,GOVERNED,PASS
DIVIDENDS,RMB_MILLION,VALUATION_CASH_FLOW,GOVERNED_DIRECT_OR_RATIO_DRIVER,,CURRENT_YEAR_WITH_PRIOR_YEAR_WHERE_ROLLFORWARD,H3B_ATTEMPT005_OR_CERTIFIED_UPSTREAM,GOVERNED,PASS
DRV_EFFECTIVE_TAX_RATE_PERCENT,PERCENT,DRIVER_AUTHORITY,GOVERNED_DIRECT_OR_RATIO_DRIVER,,CURRENT_YEAR_WITH_PRIOR_YEAR_WHERE_ROLLFORWARD,H3B_ATTEMPT005_OR_CERTIFIED_UPSTREAM,GOVERNED,PASS
EBIT,RMB_MILLION,VALUATION_CASH_FLOW,GOVERNED_DIRECT_OR_RATIO_DRIVER,,CURRENT_YEAR_WITH_PRIOR_YEAR_WHERE_ROLLFORWARD,H3B_ATTEMPT005_OR_CERTIFIED_UPSTREAM,GOVERNED,PASS
EPS_DENOMINATOR_SHARES,SHARES,SHARE_MECHANICS,GOVERNED_DIRECT_OR_RATIO_DRIVER,,CURRENT_YEAR_WITH_PRIOR_YEAR_WHERE_ROLLFORWARD,H3B_ATTEMPT005_OR_CERTIFIED_UPSTREAM,GOVERNED,PASS
FCFF,RMB_MILLION,VALUATION_CASH_FLOW,ECONOMIC_NWC_AND_FINANCIAL_SERVICES_NET_INVESTMENT,EBIT;DRV_EFFECTIVE_TAX_RATE_PERCENT;PPE_DEPRECIATION;PPE_AMORTIZATION;PPE_CAPEX;BS_AR;BS_NOTES_RECEIVABLE;BS_RECEIVABLES_FINANCING;BS_INVENTORY;BS_CONTRACT_ASSETS;BS_PREPAYMENTS;BS_OTHER_RECEIVABLES;BS_OTHER_CURRENT_ASSETS_OPERATING;BS_AP;BS_CONTRACT_LIABILITIES;BS_NOTES_PAYABLE;BS_EMPLOYEE_COMP;BS_OTHER_PAYABLES;BS_OTHER_CURRENT_LIABILITIES_OPERATING;BS_OTHER_TAXES_PAYABLE;BS_LOANS_ADVANCES_CURRENT;BS_CURRENT_PORTION_NONCURRENT_ASSETS_FINANCE;BS_CUSTOMER_DEPOSITS,CURRENT_YEAR_WITH_PRIOR_YEAR_WHERE_ROLLFORWARD,H3B_ATTEMPT005_OR_CERTIFIED_UPSTREAM,MATERIAL,PASS
IS_ADJUSTED_ATTRIBUTABLE_NI,RMB_MILLION,INCOME_STATEMENT,GOVERNED_DIRECT_OR_RATIO_DRIVER,,CURRENT_YEAR_WITH_PRIOR_YEAR_WHERE_ROLLFORWARD,H3B_ATTEMPT005_OR_CERTIFIED_UPSTREAM,GOVERNED,PASS
IS_ADMIN_EXPENSE,RMB_MILLION,INCOME_STATEMENT,GOVERNED_DIRECT_OR_RATIO_DRIVER,,CURRENT_YEAR_WITH_PRIOR_YEAR_WHERE_ROLLFORWARD,H3B_ATTEMPT005_OR_CERTIFIED_UPSTREAM,GOVERNED,PASS
IS_ASSET_DISPOSAL,RMB_MILLION,INCOME_STATEMENT,GOVERNED_DIRECT_OR_RATIO_DRIVER,,CURRENT_YEAR_WITH_PRIOR_YEAR_WHERE_ROLLFORWARD,H3B_ATTEMPT005_OR_CERTIFIED_UPSTREAM,GOVERNED,PASS
IS_ASSET_IMPAIRMENT,RMB_MILLION,INCOME_STATEMENT,GOVERNED_DIRECT_OR_RATIO_DRIVER,,CURRENT_YEAR_WITH_PRIOR_YEAR_WHERE_ROLLFORWARD,H3B_ATTEMPT005_OR_CERTIFIED_UPSTREAM,GOVERNED,PASS
IS_ATTRIBUTABLE_NI,RMB_MILLION,INCOME_STATEMENT,DIFFERENCE,IS_NET_PROFIT;IS_NCI_PROFIT,CURRENT_YEAR_WITH_PRIOR_YEAR_WHERE_ROLLFORWARD,H3B_ATTEMPT005_OR_CERTIFIED_UPSTREAM,MATERIAL,PASS
IS_BASIC_EPS,RMB_PER_SHARE,INCOME_STATEMENT,DIVISION,IS_ATTRIBUTABLE_NI;EPS_DENOMINATOR_SHARES,CURRENT_YEAR_WITH_PRIOR_YEAR_WHERE_ROLLFORWARD,H3B_ATTEMPT005_OR_CERTIFIED_UPSTREAM,MATERIAL,PASS
IS_CREDIT_IMPAIRMENT,RMB_MILLION,INCOME_STATEMENT,GOVERNED_DIRECT_OR_RATIO_DRIVER,,CURRENT_YEAR_WITH_PRIOR_YEAR_WHERE_ROLLFORWARD,H3B_ATTEMPT005_OR_CERTIFIED_UPSTREAM,GOVERNED,PASS
IS_DILUTED_EPS,RMB_PER_SHARE,INCOME_STATEMENT,EQUALS,IS_BASIC_EPS,CURRENT_YEAR_WITH_PRIOR_YEAR_WHERE_ROLLFORWARD,H3B_ATTEMPT005_OR_CERTIFIED_UPSTREAM,MATERIAL,PASS
IS_FAIR_VALUE_CHANGE,RMB_MILLION,INCOME_STATEMENT,GOVERNED_DIRECT_OR_RATIO_DRIVER,,CURRENT_YEAR_WITH_PRIOR_YEAR_WHERE_ROLLFORWARD,H3B_ATTEMPT005_OR_CERTIFIED_UPSTREAM,GOVERNED,PASS
IS_FEE_COMMISSION_EXPENSE,RMB_MILLION,INCOME_STATEMENT,GOVERNED_DIRECT_OR_RATIO_DRIVER,,CURRENT_YEAR_WITH_PRIOR_YEAR_WHERE_ROLLFORWARD,H3B_ATTEMPT005_OR_CERTIFIED_UPSTREAM,GOVERNED,PASS
IS_FEE_COMMISSION_INCOME,RMB_MILLION,INCOME_STATEMENT,GOVERNED_DIRECT_OR_RATIO_DRIVER,,CURRENT_YEAR_WITH_PRIOR_YEAR_WHERE_ROLLFORWARD,H3B_ATTEMPT005_OR_CERTIFIED_UPSTREAM,GOVERNED,PASS
IS_FINANCE_INTEREST_INCOME,RMB_MILLION,INCOME_STATEMENT,GOVERNED_DIRECT_OR_RATIO_DRIVER,,CURRENT_YEAR_WITH_PRIOR_YEAR_WHERE_ROLLFORWARD,H3B_ATTEMPT005_OR_CERTIFIED_UPSTREAM,GOVERNED,PASS
IS_FINANCE_RESULT,RMB_MILLION,INCOME_STATEMENT,GOVERNED_DIRECT_OR_RATIO_DRIVER,,CURRENT_YEAR_WITH_PRIOR_YEAR_WHERE_ROLLFORWARD,H3B_ATTEMPT005_OR_CERTIFIED_UPSTREAM,GOVERNED,PASS
IS_FINANCIAL_BUSINESS_INTEREST_COST,RMB_MILLION,INCOME_STATEMENT,GOVERNED_DIRECT_OR_RATIO_DRIVER,,CURRENT_YEAR_WITH_PRIOR_YEAR_WHERE_ROLLFORWARD,H3B_ATTEMPT005_OR_CERTIFIED_UPSTREAM,GOVERNED,PASS
IS_FINANCIAL_BUSINESS_INTEREST_INCOME,RMB_MILLION,INCOME_STATEMENT,GOVERNED_DIRECT_OR_RATIO_DRIVER,,CURRENT_YEAR_WITH_PRIOR_YEAR_WHERE_ROLLFORWARD,H3B_ATTEMPT005_OR_CERTIFIED_UPSTREAM,GOVERNED,PASS
IS_FINANCING_INTEREST_EXPENSE,RMB_MILLION,INCOME_STATEMENT,GOVERNED_DIRECT_OR_RATIO_DRIVER,,CURRENT_YEAR_WITH_PRIOR_YEAR_WHERE_ROLLFORWARD,H3B_ATTEMPT005_OR_CERTIFIED_UPSTREAM,GOVERNED,PASS
IS_INCOME_TAX,RMB_MILLION,INCOME_STATEMENT,GOVERNED_DIRECT_OR_RATIO_DRIVER,,CURRENT_YEAR_WITH_PRIOR_YEAR_WHERE_ROLLFORWARD,H3B_ATTEMPT005_OR_CERTIFIED_UPSTREAM,GOVERNED,PASS
IS_INVESTMENT_INCOME,RMB_MILLION,INCOME_STATEMENT,GOVERNED_DIRECT_OR_RATIO_DRIVER,,CURRENT_YEAR_WITH_PRIOR_YEAR_WHERE_ROLLFORWARD,H3B_ATTEMPT005_OR_CERTIFIED_UPSTREAM,GOVERNED,PASS
IS_NCI_PROFIT,RMB_MILLION,INCOME_STATEMENT,GOVERNED_DIRECT_OR_RATIO_DRIVER,,CURRENT_YEAR_WITH_PRIOR_YEAR_WHERE_ROLLFORWARD,H3B_ATTEMPT005_OR_CERTIFIED_UPSTREAM,GOVERNED,PASS
IS_NET_PROFIT,RMB_MILLION,INCOME_STATEMENT,SIGNED_SUM,IS_PBT;IS_INCOME_TAX,CURRENT_YEAR_WITH_PRIOR_YEAR_WHERE_ROLLFORWARD,H3B_ATTEMPT005_OR_CERTIFIED_UPSTREAM,MATERIAL,PASS
IS_OPERATING_COST,RMB_MILLION,INCOME_STATEMENT,GOVERNED_DIRECT_OR_RATIO_DRIVER,,CURRENT_YEAR_WITH_PRIOR_YEAR_WHERE_ROLLFORWARD,H3B_ATTEMPT005_OR_CERTIFIED_UPSTREAM,GOVERNED,PASS
IS_OPERATING_PROFIT,RMB_MILLION,INCOME_STATEMENT,SIGNED_SUM,IS_TOTAL_REVENUE;IS_OPERATING_COST;IS_TAXES_SURCHARGES;IS_SELLING_EXPENSE;IS_ADMIN_EXPENSE;IS_RD_EXPENSE;IS_OTHER_INCOME;IS_INVESTMENT_INCOME;IS_FAIR_VALUE_CHANGE;IS_ASSET_DISPOSAL;IS_CREDIT_IMPAIRMENT;IS_ASSET_IMPAIRMENT;IS_FEE_COMMISSION_EXPENSE;IS_FINANCE_RESULT,CURRENT_YEAR_WITH_PRIOR_YEAR_WHERE_ROLLFORWARD,H3B_ATTEMPT005_OR_CERTIFIED_UPSTREAM,MATERIAL,PASS
IS_OPERATING_REVENUE,RMB_MILLION,INCOME_STATEMENT,SUM,SEGMENT_REVENUE_BUILDING_TECH;SEGMENT_REVENUE_INDUSTRIAL_TECH;SEGMENT_REVENUE_OTHER;SEGMENT_REVENUE_SMART_HOME;SEGMENT_REVENUE_ELIMINATIONS,CURRENT_YEAR_WITH_PRIOR_YEAR_WHERE_ROLLFORWARD,H3B_ATTEMPT005_OR_CERTIFIED_UPSTREAM,MATERIAL,PASS
IS_OTHER_INCOME,RMB_MILLION,INCOME_STATEMENT,GOVERNED_DIRECT_OR_RATIO_DRIVER,,CURRENT_YEAR_WITH_PRIOR_YEAR_WHERE_ROLLFORWARD,H3B_ATTEMPT005_OR_CERTIFIED_UPSTREAM,GOVERNED,PASS
IS_PBT,RMB_MILLION,INCOME_STATEMENT,EQUALS,IS_OPERATING_PROFIT,CURRENT_YEAR_WITH_PRIOR_YEAR_WHERE_ROLLFORWARD,H3B_ATTEMPT005_OR_CERTIFIED_UPSTREAM,MATERIAL,PASS
IS_RD_EXPENSE,RMB_MILLION,INCOME_STATEMENT,GOVERNED_DIRECT_OR_RATIO_DRIVER,,CURRENT_YEAR_WITH_PRIOR_YEAR_WHERE_ROLLFORWARD,H3B_ATTEMPT005_OR_CERTIFIED_UPSTREAM,GOVERNED,PASS
IS_SELLING_EXPENSE,RMB_MILLION,INCOME_STATEMENT,GOVERNED_DIRECT_OR_RATIO_DRIVER,,CURRENT_YEAR_WITH_PRIOR_YEAR_WHERE_ROLLFORWARD,H3B_ATTEMPT005_OR_CERTIFIED_UPSTREAM,GOVERNED,PASS
IS_TAXES_SURCHARGES,RMB_MILLION,INCOME_STATEMENT,GOVERNED_DIRECT_OR_RATIO_DRIVER,,CURRENT_YEAR_WITH_PRIOR_YEAR_WHERE_ROLLFORWARD,H3B_ATTEMPT005_OR_CERTIFIED_UPSTREAM,GOVERNED,PASS
IS_TOTAL_REVENUE,RMB_MILLION,INCOME_STATEMENT,SUM,IS_OPERATING_REVENUE;IS_FEE_COMMISSION_INCOME;IS_FINANCIAL_BUSINESS_INTEREST_INCOME,CURRENT_YEAR_WITH_PRIOR_YEAR_WHERE_ROLLFORWARD,H3B_ATTEMPT005_OR_CERTIFIED_UPSTREAM,MATERIAL,PASS
NOTE_ACQUISITIONS,RMB_MILLION,DISCLOSURE_NOTE,GOVERNED_DIRECT_OR_RATIO_DRIVER,,CURRENT_YEAR_WITH_PRIOR_YEAR_WHERE_ROLLFORWARD,H3B_ATTEMPT005_OR_CERTIFIED_UPSTREAM,GOVERNED,PASS
NOTE_CASH_EQUIVALENTS,RMB_MILLION,DISCLOSURE_NOTE,GOVERNED_DIRECT_OR_RATIO_DRIVER,,CURRENT_YEAR_WITH_PRIOR_YEAR_WHERE_ROLLFORWARD,H3B_ATTEMPT005_OR_CERTIFIED_UPSTREAM,GOVERNED,PASS
NOTE_CIP_ADDITIONS,RMB_MILLION,DISCLOSURE_NOTE,GOVERNED_DIRECT_OR_RATIO_DRIVER,,CURRENT_YEAR_WITH_PRIOR_YEAR_WHERE_ROLLFORWARD,H3B_ATTEMPT005_OR_CERTIFIED_UPSTREAM,GOVERNED,PASS
NOTE_DIVIDENDS,RMB_MILLION,DISCLOSURE_NOTE,GOVERNED_DIRECT_OR_RATIO_DRIVER,,CURRENT_YEAR_WITH_PRIOR_YEAR_WHERE_ROLLFORWARD,H3B_ATTEMPT005_OR_CERTIFIED_UPSTREAM,GOVERNED,PASS
NOTE_FINANCE_INTEREST_INCOME,RMB_MILLION,DISCLOSURE_NOTE,GOVERNED_DIRECT_OR_RATIO_DRIVER,,CURRENT_YEAR_WITH_PRIOR_YEAR_WHERE_ROLLFORWARD,H3B_ATTEMPT005_OR_CERTIFIED_UPSTREAM,GOVERNED,PASS
NOTE_FINANCING_INTEREST_EXPENSE,RMB_MILLION,DISCLOSURE_NOTE,GOVERNED_DIRECT_OR_RATIO_DRIVER,,CURRENT_YEAR_WITH_PRIOR_YEAR_WHERE_ROLLFORWARD,H3B_ATTEMPT005_OR_CERTIFIED_UPSTREAM,GOVERNED,PASS
NOTE_FIXED_ASSET_DEPRECIATION,RMB_MILLION,DISCLOSURE_NOTE,GOVERNED_DIRECT_OR_RATIO_DRIVER,,CURRENT_YEAR_WITH_PRIOR_YEAR_WHERE_ROLLFORWARD,H3B_ATTEMPT005_OR_CERTIFIED_UPSTREAM,GOVERNED,PASS
NOTE_GOODWILL,RMB_MILLION,DISCLOSURE_NOTE,GOVERNED_DIRECT_OR_RATIO_DRIVER,,CURRENT_YEAR_WITH_PRIOR_YEAR_WHERE_ROLLFORWARD,H3B_ATTEMPT005_OR_CERTIFIED_UPSTREAM,GOVERNED,PASS
NOTE_INTANGIBLE_AMORTIZATION,RMB_MILLION,DISCLOSURE_NOTE,GOVERNED_DIRECT_OR_RATIO_DRIVER,,CURRENT_YEAR_WITH_PRIOR_YEAR_WHERE_ROLLFORWARD,H3B_ATTEMPT005_OR_CERTIFIED_UPSTREAM,GOVERNED,PASS
NOTE_INTANGIBLE_ASSETS,RMB_MILLION,DISCLOSURE_NOTE,GOVERNED_DIRECT_OR_RATIO_DRIVER,,CURRENT_YEAR_WITH_PRIOR_YEAR_WHERE_ROLLFORWARD,H3B_ATTEMPT005_OR_CERTIFIED_UPSTREAM,GOVERNED,PASS
NOTE_LONG_TERM_DEBT,RMB_MILLION,DISCLOSURE_NOTE,GOVERNED_DIRECT_OR_RATIO_DRIVER,,CURRENT_YEAR_WITH_PRIOR_YEAR_WHERE_ROLLFORWARD,H3B_ATTEMPT005_OR_CERTIFIED_UPSTREAM,GOVERNED,PASS
NOTE_PPE_ADDITIONS,RMB_MILLION,DISCLOSURE_NOTE,GOVERNED_DIRECT_OR_RATIO_DRIVER,,CURRENT_YEAR_WITH_PRIOR_YEAR_WHERE_ROLLFORWARD,H3B_ATTEMPT005_OR_CERTIFIED_UPSTREAM,GOVERNED,PASS
NOTE_REPURCHASES,RMB_MILLION,DISCLOSURE_NOTE,GOVERNED_DIRECT_OR_RATIO_DRIVER,,CURRENT_YEAR_WITH_PRIOR_YEAR_WHERE_ROLLFORWARD,H3B_ATTEMPT005_OR_CERTIFIED_UPSTREAM,GOVERNED,PASS
NOTE_RESTRICTED_CASH,RMB_MILLION,DISCLOSURE_NOTE,GOVERNED_DIRECT_OR_RATIO_DRIVER,,CURRENT_YEAR_WITH_PRIOR_YEAR_WHERE_ROLLFORWARD,H3B_ATTEMPT005_OR_CERTIFIED_UPSTREAM,GOVERNED,PASS
NOTE_SHARE_BASED_COMPENSATION,RMB_MILLION,DISCLOSURE_NOTE,GOVERNED_DIRECT_OR_RATIO_DRIVER,,CURRENT_YEAR_WITH_PRIOR_YEAR_WHERE_ROLLFORWARD,H3B_ATTEMPT005_OR_CERTIFIED_UPSTREAM,GOVERNED,PASS
NOTE_SHORT_TERM_DEBT,RMB_MILLION,DISCLOSURE_NOTE,GOVERNED_DIRECT_OR_RATIO_DRIVER,,CURRENT_YEAR_WITH_PRIOR_YEAR_WHERE_ROLLFORWARD,H3B_ATTEMPT005_OR_CERTIFIED_UPSTREAM,GOVERNED,PASS
NOTE_TERM_DEPOSITS,RMB_MILLION,DISCLOSURE_NOTE,GOVERNED_DIRECT_OR_RATIO_DRIVER,,CURRENT_YEAR_WITH_PRIOR_YEAR_WHERE_ROLLFORWARD,H3B_ATTEMPT005_OR_CERTIFIED_UPSTREAM,GOVERNED,PASS
NOTE_TOTAL_DA,RMB_MILLION,DISCLOSURE_NOTE,GOVERNED_DIRECT_OR_RATIO_DRIVER,,CURRENT_YEAR_WITH_PRIOR_YEAR_WHERE_ROLLFORWARD,H3B_ATTEMPT005_OR_CERTIFIED_UPSTREAM,GOVERNED,PASS
PPE_AMORTIZATION,RMB_MILLION,PPE_SCHEDULE,GOVERNED_DIRECT_OR_RATIO_DRIVER,,CURRENT_YEAR_WITH_PRIOR_YEAR_WHERE_ROLLFORWARD,H3B_ATTEMPT005_OR_CERTIFIED_UPSTREAM,GOVERNED,PASS
PPE_CAPEX,RMB_MILLION,PPE_SCHEDULE,PPE_CIP_ROLLFORWARD,BS_PPE;BS_CIP;PPE_DEPRECIATION,CURRENT_YEAR_WITH_PRIOR_YEAR_WHERE_ROLLFORWARD,H3B_ATTEMPT005_OR_CERTIFIED_UPSTREAM,MATERIAL,PASS
PPE_DEPRECIATION,RMB_MILLION,PPE_SCHEDULE,GOVERNED_DIRECT_OR_RATIO_DRIVER,,CURRENT_YEAR_WITH_PRIOR_YEAR_WHERE_ROLLFORWARD,H3B_ATTEMPT005_OR_CERTIFIED_UPSTREAM,GOVERNED,PASS
SEGMENT_REVENUE_BUILDING_TECH,RMB_MILLION,REVENUE_BUILD,GOVERNED_DIRECT_OR_RATIO_DRIVER,,CURRENT_YEAR_WITH_PRIOR_YEAR_WHERE_ROLLFORWARD,H3B_ATTEMPT005_OR_CERTIFIED_UPSTREAM,GOVERNED,PASS
SEGMENT_REVENUE_ELIMINATIONS,RMB_MILLION,REVENUE_BUILD,GOVERNED_DIRECT_OR_RATIO_DRIVER,,CURRENT_YEAR_WITH_PRIOR_YEAR_WHERE_ROLLFORWARD,H3B_ATTEMPT005_OR_CERTIFIED_UPSTREAM,GOVERNED,PASS
SEGMENT_REVENUE_INDUSTRIAL_TECH,RMB_MILLION,REVENUE_BUILD,GOVERNED_DIRECT_OR_RATIO_DRIVER,,CURRENT_YEAR_WITH_PRIOR_YEAR_WHERE_ROLLFORWARD,H3B_ATTEMPT005_OR_CERTIFIED_UPSTREAM,GOVERNED,PASS
SEGMENT_REVENUE_OTHER,RMB_MILLION,REVENUE_BUILD,GOVERNED_DIRECT_OR_RATIO_DRIVER,,CURRENT_YEAR_WITH_PRIOR_YEAR_WHERE_ROLLFORWARD,H3B_ATTEMPT005_OR_CERTIFIED_UPSTREAM,GOVERNED,PASS
SEGMENT_REVENUE_SMART_HOME,RMB_MILLION,REVENUE_BUILD,GOVERNED_DIRECT_OR_RATIO_DRIVER,,CURRENT_YEAR_WITH_PRIOR_YEAR_WHERE_ROLLFORWARD,H3B_ATTEMPT005_OR_CERTIFIED_UPSTREAM,GOVERNED,PASS
