H2_Fact_ID,Canonical_Metric_ID,Source_Metric_ID,Economic_Period,Source_Report_Period,Current_or_Comparative,Scope,Accounting_Basis,Unit,Value,Source_ID,Source_SHA256,PDF_Page,Locator_Evidence,Lineage
H2::SRC027::CURRENT::BS_CASH,BS_CASH,Cash at bank and on hand,2026-03-31,2026Q1,CURRENT,GROUP_CONSOLIDATED,CAS,RMB_THOUSAND,94092090,SRC027,cb6f21537289a9c23ea0113602b3fc5e487a68437f8474f7473955abd8390b4c,8,"Cash at bank and on hand 94,092,090 85,247,150",PDF_DIRECT
H2::SRC027::COMPARATIVE::BS_CASH,BS_CASH,Cash at bank and on hand,2025-12-31,2026Q1,COMPARATIVE,GROUP_CONSOLIDATED,CAS,RMB_THOUSAND,85247150,SRC027,cb6f21537289a9c23ea0113602b3fc5e487a68437f8474f7473955abd8390b4c,8,"Cash at bank and on hand 94,092,090 85,247,150",PDF_DIRECT
H2::SRC027::CURRENT::BS_TRADING_FINANCIAL_ASSETS,BS_TRADING_FINANCIAL_ASSETS,Financial assets held for trading,2026-03-31,2026Q1,CURRENT,GROUP_CONSOLIDATED,CAS,RMB_THOUSAND,2330518,SRC027,cb6f21537289a9c23ea0113602b3fc5e487a68437f8474f7473955abd8390b4c,8,"Financial assets held for trading 2,330,518 710,717",PDF_DIRECT
H2::SRC027::COMPARATIVE::BS_TRADING_FINANCIAL_ASSETS,BS_TRADING_FINANCIAL_ASSETS,Financial assets held for trading,2025-12-31,2026Q1,COMPARATIVE,GROUP_CONSOLIDATED,CAS,RMB_THOUSAND,710717,SRC027,cb6f21537289a9c23ea0113602b3fc5e487a68437f8474f7473955abd8390b4c,8,"Financial assets held for trading 2,330,518 710,717",PDF_DIRECT
H2::SRC027::CURRENT::BS_DERIVATIVE_FINANCIAL_ASSETS,BS_DERIVATIVE_FINANCIAL_ASSETS,Derivative financial assets,2026-03-31,2026Q1,CURRENT,GROUP_CONSOLIDATED,CAS,RMB_THOUSAND,3199464,SRC027,cb6f21537289a9c23ea0113602b3fc5e487a68437f8474f7473955abd8390b4c,8,"Derivative financial assets 3,199,464 2,223,159",PDF_DIRECT
H2::SRC027::COMPARATIVE::BS_DERIVATIVE_FINANCIAL_ASSETS,BS_DERIVATIVE_FINANCIAL_ASSETS,Derivative financial assets,2025-12-31,2026Q1,COMPARATIVE,GROUP_CONSOLIDATED,CAS,RMB_THOUSAND,2223159,SRC027,cb6f21537289a9c23ea0113602b3fc5e487a68437f8474f7473955abd8390b4c,8,"Derivative financial assets 3,199,464 2,223,159",PDF_DIRECT
H2::SRC027::CURRENT::BS_NOTES_RECEIVABLE,BS_NOTES_RECEIVABLE,Note receivables,2026-03-31,2026Q1,CURRENT,GROUP_CONSOLIDATED,CAS,RMB_THOUSAND,4479637,SRC027,cb6f21537289a9c23ea0113602b3fc5e487a68437f8474f7473955abd8390b4c,8,"Note receivables 4,479,637 5,246,763",PDF_DIRECT
H2::SRC027::COMPARATIVE::BS_NOTES_RECEIVABLE,BS_NOTES_RECEIVABLE,Note receivables,2025-12-31,2026Q1,COMPARATIVE,GROUP_CONSOLIDATED,CAS,RMB_THOUSAND,5246763,SRC027,cb6f21537289a9c23ea0113602b3fc5e487a68437f8474f7473955abd8390b4c,8,"Note receivables 4,479,637 5,246,763",PDF_DIRECT
H2::SRC027::CURRENT::BS_AR,BS_AR,Account receivables,2026-03-31,2026Q1,CURRENT,GROUP_CONSOLIDATED,CAS,RMB_THOUSAND,52536877,SRC027,cb6f21537289a9c23ea0113602b3fc5e487a68437f8474f7473955abd8390b4c,8,"Account receivables 52,536,877 40,450,097",PDF_DIRECT
H2::SRC027::COMPARATIVE::BS_AR,BS_AR,Account receivables,2025-12-31,2026Q1,COMPARATIVE,GROUP_CONSOLIDATED,CAS,RMB_THOUSAND,40450097,SRC027,cb6f21537289a9c23ea0113602b3fc5e487a68437f8474f7473955abd8390b4c,8,"Account receivables 52,536,877 40,450,097",PDF_DIRECT
H2::SRC027::CURRENT::BS_RECEIVABLES_FINANCING,BS_RECEIVABLES_FINANCING,Receivables financing,2026-03-31,2026Q1,CURRENT,GROUP_CONSOLIDATED,CAS,RMB_THOUSAND,12276368,SRC027,cb6f21537289a9c23ea0113602b3fc5e487a68437f8474f7473955abd8390b4c,8,"Receivables financing 12,276,368 14,935,344",PDF_DIRECT
H2::SRC027::COMPARATIVE::BS_RECEIVABLES_FINANCING,BS_RECEIVABLES_FINANCING,Receivables financing,2025-12-31,2026Q1,COMPARATIVE,GROUP_CONSOLIDATED,CAS,RMB_THOUSAND,14935344,SRC027,cb6f21537289a9c23ea0113602b3fc5e487a68437f8474f7473955abd8390b4c,8,"Receivables financing 12,276,368 14,935,344",PDF_DIRECT
H2::SRC027::CURRENT::BS_PREPAYMENTS,BS_PREPAYMENTS,Prepayments,2026-03-31,2026Q1,CURRENT,GROUP_CONSOLIDATED,CAS,RMB_THOUSAND,3743527,SRC027,cb6f21537289a9c23ea0113602b3fc5e487a68437f8474f7473955abd8390b4c,8,"Prepayments 3,743,527 2,987,292",PDF_DIRECT
H2::SRC027::COMPARATIVE::BS_PREPAYMENTS,BS_PREPAYMENTS,Prepayments,2025-12-31,2026Q1,COMPARATIVE,GROUP_CONSOLIDATED,CAS,RMB_THOUSAND,2987292,SRC027,cb6f21537289a9c23ea0113602b3fc5e487a68437f8474f7473955abd8390b4c,8,"Prepayments 3,743,527 2,987,292",PDF_DIRECT
H2::SRC027::CURRENT::BS_CONTRACT_ASSETS,BS_CONTRACT_ASSETS,Contract assets,2026-03-31,2026Q1,CURRENT,GROUP_CONSOLIDATED,CAS,RMB_THOUSAND,5002738,SRC027,cb6f21537289a9c23ea0113602b3fc5e487a68437f8474f7473955abd8390b4c,8,"Contract assets 5,002,738 4,268,501",PDF_DIRECT
H2::SRC027::COMPARATIVE::BS_CONTRACT_ASSETS,BS_CONTRACT_ASSETS,Contract assets,2025-12-31,2026Q1,COMPARATIVE,GROUP_CONSOLIDATED,CAS,RMB_THOUSAND,4268501,SRC027,cb6f21537289a9c23ea0113602b3fc5e487a68437f8474f7473955abd8390b4c,8,"Contract assets 5,002,738 4,268,501",PDF_DIRECT
H2::SRC027::CURRENT::BS_LOANS_ADVANCES_CURRENT,BS_LOANS_ADVANCES_CURRENT,Loan receivables,2026-03-31,2026Q1,CURRENT,GROUP_CONSOLIDATED,CAS,RMB_THOUSAND,13467102,SRC027,cb6f21537289a9c23ea0113602b3fc5e487a68437f8474f7473955abd8390b4c,8,"Loan receivables 13,467,102 11,779,217",PDF_DIRECT
H2::SRC027::COMPARATIVE::BS_LOANS_ADVANCES_CURRENT,BS_LOANS_ADVANCES_CURRENT,Loan receivables,2025-12-31,2026Q1,COMPARATIVE,GROUP_CONSOLIDATED,CAS,RMB_THOUSAND,11779217,SRC027,cb6f21537289a9c23ea0113602b3fc5e487a68437f8474f7473955abd8390b4c,8,"Loan receivables 13,467,102 11,779,217",PDF_DIRECT
H2::SRC027::CURRENT::BS_OTHER_RECEIVABLES,BS_OTHER_RECEIVABLES,Other receivables,2026-03-31,2026Q1,CURRENT,GROUP_CONSOLIDATED,CAS,RMB_THOUSAND,3405262,SRC027,cb6f21537289a9c23ea0113602b3fc5e487a68437f8474f7473955abd8390b4c,8,"Other receivables 3,405,262 3,190,591",PDF_DIRECT
H2::SRC027::COMPARATIVE::BS_OTHER_RECEIVABLES,BS_OTHER_RECEIVABLES,Other receivables,2025-12-31,2026Q1,COMPARATIVE,GROUP_CONSOLIDATED,CAS,RMB_THOUSAND,3190591,SRC027,cb6f21537289a9c23ea0113602b3fc5e487a68437f8474f7473955abd8390b4c,8,"Other receivables 3,405,262 3,190,591",PDF_DIRECT
H2::SRC027::CURRENT::BS_INVENTORY,BS_INVENTORY,Inventories,2026-03-31,2026Q1,CURRENT,GROUP_CONSOLIDATED,CAS,RMB_THOUSAND,57824460,SRC027,cb6f21537289a9c23ea0113602b3fc5e487a68437f8474f7473955abd8390b4c,8,"Inventories 57,824,460 64,628,834",PDF_DIRECT
H2::SRC027::COMPARATIVE::BS_INVENTORY,BS_INVENTORY,Inventories,2025-12-31,2026Q1,COMPARATIVE,GROUP_CONSOLIDATED,CAS,RMB_THOUSAND,64628834,SRC027,cb6f21537289a9c23ea0113602b3fc5e487a68437f8474f7473955abd8390b4c,8,"Inventories 57,824,460 64,628,834",PDF_DIRECT
H2::SRC027::CURRENT::BS_CURRENT_PORTION_NONCURRENT_ASSETS,BS_CURRENT_PORTION_NONCURRENT_ASSETS,Current portion of non-current assets,2026-03-31,2026Q1,CURRENT,GROUP_CONSOLIDATED,CAS,RMB_THOUSAND,137494428,SRC027,cb6f21537289a9c23ea0113602b3fc5e487a68437f8474f7473955abd8390b4c,8,"Current portion of non-current assets 137,494,428 155,618,201",PDF_DIRECT
H2::SRC027::COMPARATIVE::BS_CURRENT_PORTION_NONCURRENT_ASSETS,BS_CURRENT_PORTION_NONCURRENT_ASSETS,Current portion of non-current assets,2025-12-31,2026Q1,COMPARATIVE,GROUP_CONSOLIDATED,CAS,RMB_THOUSAND,155618201,SRC027,cb6f21537289a9c23ea0113602b3fc5e487a68437f8474f7473955abd8390b4c,8,"Current portion of non-current assets 137,494,428 155,618,201",PDF_DIRECT
H2::SRC027::CURRENT::BS_OTHER_CURRENT_ASSETS,BS_OTHER_CURRENT_ASSETS,Other current assets,2026-03-31,2026Q1,CURRENT,GROUP_CONSOLIDATED,CAS,RMB_THOUSAND,21352731,SRC027,cb6f21537289a9c23ea0113602b3fc5e487a68437f8474f7473955abd8390b4c,8,"Other current assets 21,352,731 25,376,475",PDF_DIRECT
H2::SRC027::COMPARATIVE::BS_OTHER_CURRENT_ASSETS,BS_OTHER_CURRENT_ASSETS,Other current assets,2025-12-31,2026Q1,COMPARATIVE,GROUP_CONSOLIDATED,CAS,RMB_THOUSAND,25376475,SRC027,cb6f21537289a9c23ea0113602b3fc5e487a68437f8474f7473955abd8390b4c,8,"Other current assets 21,352,731 25,376,475",PDF_DIRECT
H2::SRC027::CURRENT::BS_TOTAL_CURRENT_ASSETS,BS_TOTAL_CURRENT_ASSETS,Total current assets,2026-03-31,2026Q1,CURRENT,GROUP_CONSOLIDATED,CAS,RMB_THOUSAND,411205202,SRC027,cb6f21537289a9c23ea0113602b3fc5e487a68437f8474f7473955abd8390b4c,8,"Total current assets 411,205,202 416,662,341",PDF_DIRECT
H2::SRC027::COMPARATIVE::BS_TOTAL_CURRENT_ASSETS,BS_TOTAL_CURRENT_ASSETS,Total current assets,2025-12-31,2026Q1,COMPARATIVE,GROUP_CONSOLIDATED,CAS,RMB_THOUSAND,416662341,SRC027,cb6f21537289a9c23ea0113602b3fc5e487a68437f8474f7473955abd8390b4c,8,"Total current assets 411,205,202 416,662,341",PDF_DIRECT
H2::SRC027::CURRENT::BS_LONG_TERM_RECEIVABLES,BS_LONG_TERM_RECEIVABLES,Long-term receivables,2026-03-31,2026Q1,CURRENT,GROUP_CONSOLIDATED,CAS,RMB_THOUSAND,141798,SRC027,cb6f21537289a9c23ea0113602b3fc5e487a68437f8474f7473955abd8390b4c,9,"Long-term receivables 141,798 139,663",PDF_DIRECT
H2::SRC027::COMPARATIVE::BS_LONG_TERM_RECEIVABLES,BS_LONG_TERM_RECEIVABLES,Long-term receivables,2025-12-31,2026Q1,COMPARATIVE,GROUP_CONSOLIDATED,CAS,RMB_THOUSAND,139663,SRC027,cb6f21537289a9c23ea0113602b3fc5e487a68437f8474f7473955abd8390b4c,9,"Long-term receivables 141,798 139,663",PDF_DIRECT
H2::SRC027::CURRENT::BS_LOANS_ADVANCES_NONCURRENT,BS_LOANS_ADVANCES_NONCURRENT,Loan receivables,2026-03-31,2026Q1,CURRENT,GROUP_CONSOLIDATED,CAS,RMB_THOUSAND,489618,SRC027,cb6f21537289a9c23ea0113602b3fc5e487a68437f8474f7473955abd8390b4c,9,"Loan receivables 489,618 622,248",PDF_DIRECT
H2::SRC027::COMPARATIVE::BS_LOANS_ADVANCES_NONCURRENT,BS_LOANS_ADVANCES_NONCURRENT,Loan receivables,2025-12-31,2026Q1,COMPARATIVE,GROUP_CONSOLIDATED,CAS,RMB_THOUSAND,622248,SRC027,cb6f21537289a9c23ea0113602b3fc5e487a68437f8474f7473955abd8390b4c,9,"Loan receivables 489,618 622,248",PDF_DIRECT
H2::SRC027::CURRENT::BS_LONG_TERM_INVESTMENTS,BS_LONG_TERM_INVESTMENTS,Long-term equity investments,2026-03-31,2026Q1,CURRENT,GROUP_CONSOLIDATED,CAS,RMB_THOUSAND,5082006,SRC027,cb6f21537289a9c23ea0113602b3fc5e487a68437f8474f7473955abd8390b4c,9,"Long-term equity investments 5,082,006 4,775,044",PDF_DIRECT
H2::SRC027::COMPARATIVE::BS_LONG_TERM_INVESTMENTS,BS_LONG_TERM_INVESTMENTS,Long-term equity investments,2025-12-31,2026Q1,COMPARATIVE,GROUP_CONSOLIDATED,CAS,RMB_THOUSAND,4775044,SRC027,cb6f21537289a9c23ea0113602b3fc5e487a68437f8474f7473955abd8390b4c,9,"Long-term equity investments 5,082,006 4,775,044",PDF_DIRECT
H2::SRC027::CURRENT::BS_OTHER_EQUITY_INSTRUMENTS,BS_OTHER_EQUITY_INSTRUMENTS,Investments in other equity instruments,2026-03-31,2026Q1,CURRENT,GROUP_CONSOLIDATED,CAS,RMB_THOUSAND,29752,SRC027,cb6f21537289a9c23ea0113602b3fc5e487a68437f8474f7473955abd8390b4c,9,"Investments in other equity instruments 29,752 29,901",PDF_DIRECT
H2::SRC027::COMPARATIVE::BS_OTHER_EQUITY_INSTRUMENTS,BS_OTHER_EQUITY_INSTRUMENTS,Investments in other equity instruments,2025-12-31,2026Q1,COMPARATIVE,GROUP_CONSOLIDATED,CAS,RMB_THOUSAND,29901,SRC027,cb6f21537289a9c23ea0113602b3fc5e487a68437f8474f7473955abd8390b4c,9,"Investments in other equity instruments 29,752 29,901",PDF_DIRECT
H2::SRC027::CURRENT::BS_OTHER_NONCURRENT_FINANCIAL_ASSETS,BS_OTHER_NONCURRENT_FINANCIAL_ASSETS,Other non-current financial assets,2026-03-31,2026Q1,CURRENT,GROUP_CONSOLIDATED,CAS,RMB_THOUSAND,4650665,SRC027,cb6f21537289a9c23ea0113602b3fc5e487a68437f8474f7473955abd8390b4c,9,"Other non-current financial assets 4,650,665 4,786,089",PDF_DIRECT
H2::SRC027::COMPARATIVE::BS_OTHER_NONCURRENT_FINANCIAL_ASSETS,BS_OTHER_NONCURRENT_FINANCIAL_ASSETS,Other non-current financial assets,2025-12-31,2026Q1,COMPARATIVE,GROUP_CONSOLIDATED,CAS,RMB_THOUSAND,4786089,SRC027,cb6f21537289a9c23ea0113602b3fc5e487a68437f8474f7473955abd8390b4c,9,"Other non-current financial assets 4,650,665 4,786,089",PDF_DIRECT
H2::SRC027::CURRENT::BS_INVESTMENT_PROPERTIES,BS_INVESTMENT_PROPERTIES,Investment properties,2026-03-31,2026Q1,CURRENT,GROUP_CONSOLIDATED,CAS,RMB_THOUSAND,1116284,SRC027,cb6f21537289a9c23ea0113602b3fc5e487a68437f8474f7473955abd8390b4c,9,"Investment properties 1,116,284 1,142,213",PDF_DIRECT
H2::SRC027::COMPARATIVE::BS_INVESTMENT_PROPERTIES,BS_INVESTMENT_PROPERTIES,Investment properties,2025-12-31,2026Q1,COMPARATIVE,GROUP_CONSOLIDATED,CAS,RMB_THOUSAND,1142213,SRC027,cb6f21537289a9c23ea0113602b3fc5e487a68437f8474f7473955abd8390b4c,9,"Investment properties 1,116,284 1,142,213",PDF_DIRECT
H2::SRC027::CURRENT::BS_PPE,BS_PPE,Fixed assets,2026-03-31,2026Q1,CURRENT,GROUP_CONSOLIDATED,CAS,RMB_THOUSAND,45008294,SRC027,cb6f21537289a9c23ea0113602b3fc5e487a68437f8474f7473955abd8390b4c,9,"Fixed assets 45,008,294 44,983,394",PDF_DIRECT
H2::SRC027::COMPARATIVE::BS_PPE,BS_PPE,Fixed assets,2025-12-31,2026Q1,COMPARATIVE,GROUP_CONSOLIDATED,CAS,RMB_THOUSAND,44983394,SRC027,cb6f21537289a9c23ea0113602b3fc5e487a68437f8474f7473955abd8390b4c,9,"Fixed assets 45,008,294 44,983,394",PDF_DIRECT
H2::SRC027::CURRENT::BS_CIP,BS_CIP,Construction in progress,2026-03-31,2026Q1,CURRENT,GROUP_CONSOLIDATED,CAS,RMB_THOUSAND,2906888,SRC027,cb6f21537289a9c23ea0113602b3fc5e487a68437f8474f7473955abd8390b4c,9,"Construction in progress 2,906,888 3,054,828",PDF_DIRECT
H2::SRC027::COMPARATIVE::BS_CIP,BS_CIP,Construction in progress,2025-12-31,2026Q1,COMPARATIVE,GROUP_CONSOLIDATED,CAS,RMB_THOUSAND,3054828,SRC027,cb6f21537289a9c23ea0113602b3fc5e487a68437f8474f7473955abd8390b4c,9,"Construction in progress 2,906,888 3,054,828",PDF_DIRECT
H2::SRC027::CURRENT::BS_ROU_ASSETS,BS_ROU_ASSETS,Right-of-use assets,2026-03-31,2026Q1,CURRENT,GROUP_CONSOLIDATED,CAS,RMB_THOUSAND,3217457,SRC027,cb6f21537289a9c23ea0113602b3fc5e487a68437f8474f7473955abd8390b4c,9,"Right-of-use assets 3,217,457 3,170,163",PDF_DIRECT
H2::SRC027::COMPARATIVE::BS_ROU_ASSETS,BS_ROU_ASSETS,Right-of-use assets,2025-12-31,2026Q1,COMPARATIVE,GROUP_CONSOLIDATED,CAS,RMB_THOUSAND,3170163,SRC027,cb6f21537289a9c23ea0113602b3fc5e487a68437f8474f7473955abd8390b4c,9,"Right-of-use assets 3,217,457 3,170,163",PDF_DIRECT
H2::SRC027::CURRENT::BS_INTANGIBLES,BS_INTANGIBLES,Intangible assets,2026-03-31,2026Q1,CURRENT,GROUP_CONSOLIDATED,CAS,RMB_THOUSAND,20838376,SRC027,cb6f21537289a9c23ea0113602b3fc5e487a68437f8474f7473955abd8390b4c,9,"Intangible assets 20,838,376 21,618,860",PDF_DIRECT
H2::SRC027::COMPARATIVE::BS_INTANGIBLES,BS_INTANGIBLES,Intangible assets,2025-12-31,2026Q1,COMPARATIVE,GROUP_CONSOLIDATED,CAS,RMB_THOUSAND,21618860,SRC027,cb6f21537289a9c23ea0113602b3fc5e487a68437f8474f7473955abd8390b4c,9,"Intangible assets 20,838,376 21,618,860",PDF_DIRECT
H2::SRC027::CURRENT::BS_GOODWILL,BS_GOODWILL,Goodwill,2026-03-31,2026Q1,CURRENT,GROUP_CONSOLIDATED,CAS,RMB_THOUSAND,33215220,SRC027,cb6f21537289a9c23ea0113602b3fc5e487a68437f8474f7473955abd8390b4c,9,"Goodwill 33,215,220 34,256,859",PDF_DIRECT
H2::SRC027::COMPARATIVE::BS_GOODWILL,BS_GOODWILL,Goodwill,2025-12-31,2026Q1,COMPARATIVE,GROUP_CONSOLIDATED,CAS,RMB_THOUSAND,34256859,SRC027,cb6f21537289a9c23ea0113602b3fc5e487a68437f8474f7473955abd8390b4c,9,"Goodwill 33,215,220 34,256,859",PDF_DIRECT
H2::SRC027::CURRENT::BS_LONG_TERM_PREPAID_EXPENSES,BS_LONG_TERM_PREPAID_EXPENSES,Long-term prepaid expenses,2026-03-31,2026Q1,CURRENT,GROUP_CONSOLIDATED,CAS,RMB_THOUSAND,2334141,SRC027,cb6f21537289a9c23ea0113602b3fc5e487a68437f8474f7473955abd8390b4c,9,"Long-term prepaid expenses 2,334,141 2,373,477",PDF_DIRECT
H2::SRC027::COMPARATIVE::BS_LONG_TERM_PREPAID_EXPENSES,BS_LONG_TERM_PREPAID_EXPENSES,Long-term prepaid expenses,2025-12-31,2026Q1,COMPARATIVE,GROUP_CONSOLIDATED,CAS,RMB_THOUSAND,2373477,SRC027,cb6f21537289a9c23ea0113602b3fc5e487a68437f8474f7473955abd8390b4c,9,"Long-term prepaid expenses 2,334,141 2,373,477",PDF_DIRECT
H2::SRC027::CURRENT::BS_DEFERRED_TAX_ASSETS,BS_DEFERRED_TAX_ASSETS,Deferred tax assets,2026-03-31,2026Q1,CURRENT,GROUP_CONSOLIDATED,CAS,RMB_THOUSAND,16511769,SRC027,cb6f21537289a9c23ea0113602b3fc5e487a68437f8474f7473955abd8390b4c,9,"Deferred tax assets 16,511,769 15,118,022",PDF_DIRECT
H2::SRC027::COMPARATIVE::BS_DEFERRED_TAX_ASSETS,BS_DEFERRED_TAX_ASSETS,Deferred tax assets,2025-12-31,2026Q1,COMPARATIVE,GROUP_CONSOLIDATED,CAS,RMB_THOUSAND,15118022,SRC027,cb6f21537289a9c23ea0113602b3fc5e487a68437f8474f7473955abd8390b4c,9,"Deferred tax assets 16,511,769 15,118,022",PDF_DIRECT
H2::SRC027::CURRENT::BS_OTHER_NONCURRENT_ASSETS,BS_OTHER_NONCURRENT_ASSETS,Other non-current assets,2026-03-31,2026Q1,CURRENT,GROUP_CONSOLIDATED,CAS,RMB_THOUSAND,67134101,SRC027,cb6f21537289a9c23ea0113602b3fc5e487a68437f8474f7473955abd8390b4c,9,"Other non-current assets 67,134,101 56,058,664",PDF_DIRECT
H2::SRC027::COMPARATIVE::BS_OTHER_NONCURRENT_ASSETS,BS_OTHER_NONCURRENT_ASSETS,Other non-current assets,2025-12-31,2026Q1,COMPARATIVE,GROUP_CONSOLIDATED,CAS,RMB_THOUSAND,56058664,SRC027,cb6f21537289a9c23ea0113602b3fc5e487a68437f8474f7473955abd8390b4c,9,"Other non-current assets 67,134,101 56,058,664",PDF_DIRECT
H2::SRC027::CURRENT::BS_TOTAL_NONCURRENT_ASSETS,BS_TOTAL_NONCURRENT_ASSETS,Total non-current assets,2026-03-31,2026Q1,CURRENT,GROUP_CONSOLIDATED,CAS,RMB_THOUSAND,202676369,SRC027,cb6f21537289a9c23ea0113602b3fc5e487a68437f8474f7473955abd8390b4c,9,"Total non-current assets 202,676,369 192,129,425",PDF_DIRECT
H2::SRC027::COMPARATIVE::BS_TOTAL_NONCURRENT_ASSETS,BS_TOTAL_NONCURRENT_ASSETS,Total non-current assets,2025-12-31,2026Q1,COMPARATIVE,GROUP_CONSOLIDATED,CAS,RMB_THOUSAND,192129425,SRC027,cb6f21537289a9c23ea0113602b3fc5e487a68437f8474f7473955abd8390b4c,9,"Total non-current assets 202,676,369 192,129,425",PDF_DIRECT
H2::SRC027::CURRENT::BS_TOTAL_ASSETS,BS_TOTAL_ASSETS,TOTAL ASSETS,2026-03-31,2026Q1,CURRENT,GROUP_CONSOLIDATED,CAS,RMB_THOUSAND,613881571,SRC027,cb6f21537289a9c23ea0113602b3fc5e487a68437f8474f7473955abd8390b4c,9,"TOTAL ASSETS 613,881,571 608,791,766",PDF_DIRECT
H2::SRC027::COMPARATIVE::BS_TOTAL_ASSETS,BS_TOTAL_ASSETS,TOTAL ASSETS,2025-12-31,2026Q1,COMPARATIVE,GROUP_CONSOLIDATED,CAS,RMB_THOUSAND,608791766,SRC027,cb6f21537289a9c23ea0113602b3fc5e487a68437f8474f7473955abd8390b4c,9,"TOTAL ASSETS 613,881,571 608,791,766",PDF_DIRECT
H2::SRC027::CURRENT::BS_SHORT_TERM_BORROWING,BS_SHORT_TERM_BORROWING,Short-term borrowings,2026-03-31,2026Q1,CURRENT,GROUP_CONSOLIDATED,CAS,RMB_THOUSAND,37419496,SRC027,cb6f21537289a9c23ea0113602b3fc5e487a68437f8474f7473955abd8390b4c,10,"Short-term borrowings 37,419,496 43,904,550",PDF_DIRECT
H2::SRC027::COMPARATIVE::BS_SHORT_TERM_BORROWING,BS_SHORT_TERM_BORROWING,Short-term borrowings,2025-12-31,2026Q1,COMPARATIVE,GROUP_CONSOLIDATED,CAS,RMB_THOUSAND,43904550,SRC027,cb6f21537289a9c23ea0113602b3fc5e487a68437f8474f7473955abd8390b4c,10,"Short-term borrowings 37,419,496 43,904,550",PDF_DIRECT
H2::SRC027::CURRENT::BS_CUSTOMER_DEPOSITS,BS_CUSTOMER_DEPOSITS,Customer deposits and deposits from banks and other financial institutions,2026-03-31,2026Q1,CURRENT,GROUP_CONSOLIDATED,CAS,RMB_THOUSAND,26399,SRC027,cb6f21537289a9c23ea0113602b3fc5e487a68437f8474f7473955abd8390b4c,10,"Customer deposits and deposits from banks and other financial institutions 26,399 134,110",PDF_DIRECT
H2::SRC027::COMPARATIVE::BS_CUSTOMER_DEPOSITS,BS_CUSTOMER_DEPOSITS,Customer deposits and deposits from banks and other financial institutions,2025-12-31,2026Q1,COMPARATIVE,GROUP_CONSOLIDATED,CAS,RMB_THOUSAND,134110,SRC027,cb6f21537289a9c23ea0113602b3fc5e487a68437f8474f7473955abd8390b4c,10,"Customer deposits and deposits from banks and other financial institutions 26,399 134,110",PDF_DIRECT
H2::SRC027::CURRENT::BS_TRADING_FINANCIAL_LIABILITIES,BS_TRADING_FINANCIAL_LIABILITIES,Financial liabilities held for trading,2026-03-31,2026Q1,CURRENT,GROUP_CONSOLIDATED,CAS,RMB_THOUSAND,586103,SRC027,cb6f21537289a9c23ea0113602b3fc5e487a68437f8474f7473955abd8390b4c,10,"Financial liabilities held for trading 586,103 706,439",PDF_DIRECT
H2::SRC027::COMPARATIVE::BS_TRADING_FINANCIAL_LIABILITIES,BS_TRADING_FINANCIAL_LIABILITIES,Financial liabilities held for trading,2025-12-31,2026Q1,COMPARATIVE,GROUP_CONSOLIDATED,CAS,RMB_THOUSAND,706439,SRC027,cb6f21537289a9c23ea0113602b3fc5e487a68437f8474f7473955abd8390b4c,10,"Financial liabilities held for trading 586,103 706,439",PDF_DIRECT
H2::SRC027::CURRENT::BS_DERIVATIVE_LIABILITIES,BS_DERIVATIVE_LIABILITIES,Derivative financial liabilities,2026-03-31,2026Q1,CURRENT,GROUP_CONSOLIDATED,CAS,RMB_THOUSAND,923252,SRC027,cb6f21537289a9c23ea0113602b3fc5e487a68437f8474f7473955abd8390b4c,10,"Derivative financial liabilities 923,252 850,959",PDF_DIRECT
H2::SRC027::COMPARATIVE::BS_DERIVATIVE_LIABILITIES,BS_DERIVATIVE_LIABILITIES,Derivative financial liabilities,2025-12-31,2026Q1,COMPARATIVE,GROUP_CONSOLIDATED,CAS,RMB_THOUSAND,850959,SRC027,cb6f21537289a9c23ea0113602b3fc5e487a68437f8474f7473955abd8390b4c,10,"Derivative financial liabilities 923,252 850,959",PDF_DIRECT
H2::SRC027::CURRENT::BS_NOTES_PAYABLE,BS_NOTES_PAYABLE,Note payables,2026-03-31,2026Q1,CURRENT,GROUP_CONSOLIDATED,CAS,RMB_THOUSAND,34670860,SRC027,cb6f21537289a9c23ea0113602b3fc5e487a68437f8474f7473955abd8390b4c,10,"Note payables 34,670,860 27,121,881",PDF_DIRECT
H2::SRC027::COMPARATIVE::BS_NOTES_PAYABLE,BS_NOTES_PAYABLE,Note payables,2025-12-31,2026Q1,COMPARATIVE,GROUP_CONSOLIDATED,CAS,RMB_THOUSAND,27121881,SRC027,cb6f21537289a9c23ea0113602b3fc5e487a68437f8474f7473955abd8390b4c,10,"Note payables 34,670,860 27,121,881",PDF_DIRECT
H2::SRC027::CURRENT::BS_AP,BS_AP,Account payables,2026-03-31,2026Q1,CURRENT,GROUP_CONSOLIDATED,CAS,RMB_THOUSAND,105590743,SRC027,cb6f21537289a9c23ea0113602b3fc5e487a68437f8474f7473955abd8390b4c,10,"Account payables 105,590,743 103,680,491",PDF_DIRECT
H2::SRC027::COMPARATIVE::BS_AP,BS_AP,Account payables,2025-12-31,2026Q1,COMPARATIVE,GROUP_CONSOLIDATED,CAS,RMB_THOUSAND,103680491,SRC027,cb6f21537289a9c23ea0113602b3fc5e487a68437f8474f7473955abd8390b4c,10,"Account payables 105,590,743 103,680,491",PDF_DIRECT
H2::SRC027::CURRENT::BS_CONTRACT_LIABILITIES,BS_CONTRACT_LIABILITIES,Contract liabilities,2026-03-31,2026Q1,CURRENT,GROUP_CONSOLIDATED,CAS,RMB_THOUSAND,41199188,SRC027,cb6f21537289a9c23ea0113602b3fc5e487a68437f8474f7473955abd8390b4c,10,"Contract liabilities 41,199,188 46,993,060",PDF_DIRECT
H2::SRC027::COMPARATIVE::BS_CONTRACT_LIABILITIES,BS_CONTRACT_LIABILITIES,Contract liabilities,2025-12-31,2026Q1,COMPARATIVE,GROUP_CONSOLIDATED,CAS,RMB_THOUSAND,46993060,SRC027,cb6f21537289a9c23ea0113602b3fc5e487a68437f8474f7473955abd8390b4c,10,"Contract liabilities 41,199,188 46,993,060",PDF_DIRECT
H2::SRC027::CURRENT::BS_EMPLOYEE_COMP,BS_EMPLOYEE_COMP,Employee benefit payables,2026-03-31,2026Q1,CURRENT,GROUP_CONSOLIDATED,CAS,RMB_THOUSAND,5656459,SRC027,cb6f21537289a9c23ea0113602b3fc5e487a68437f8474f7473955abd8390b4c,10,"Employee benefit payables 5,656,459 9,645,445",PDF_DIRECT
H2::SRC027::COMPARATIVE::BS_EMPLOYEE_COMP,BS_EMPLOYEE_COMP,Employee benefit payables,2025-12-31,2026Q1,COMPARATIVE,GROUP_CONSOLIDATED,CAS,RMB_THOUSAND,9645445,SRC027,cb6f21537289a9c23ea0113602b3fc5e487a68437f8474f7473955abd8390b4c,10,"Employee benefit payables 5,656,459 9,645,445",PDF_DIRECT
H2::SRC027::CURRENT::BS_TAXES_PAYABLE,BS_TAXES_PAYABLE,Tax payables,2026-03-31,2026Q1,CURRENT,GROUP_CONSOLIDATED,CAS,RMB_THOUSAND,8244490,SRC027,cb6f21537289a9c23ea0113602b3fc5e487a68437f8474f7473955abd8390b4c,10,"Tax payables 8,244,490 7,164,093",PDF_DIRECT
H2::SRC027::COMPARATIVE::BS_TAXES_PAYABLE,BS_TAXES_PAYABLE,Tax payables,2025-12-31,2026Q1,COMPARATIVE,GROUP_CONSOLIDATED,CAS,RMB_THOUSAND,7164093,SRC027,cb6f21537289a9c23ea0113602b3fc5e487a68437f8474f7473955abd8390b4c,10,"Tax payables 8,244,490 7,164,093",PDF_DIRECT
H2::SRC027::CURRENT::BS_OTHER_PAYABLES,BS_OTHER_PAYABLES,Other payables,2026-03-31,2026Q1,CURRENT,GROUP_CONSOLIDATED,CAS,RMB_THOUSAND,4217071,SRC027,cb6f21537289a9c23ea0113602b3fc5e487a68437f8474f7473955abd8390b4c,10,"Other payables 4,217,071 4,823,476",PDF_DIRECT
H2::SRC027::COMPARATIVE::BS_OTHER_PAYABLES,BS_OTHER_PAYABLES,Other payables,2025-12-31,2026Q1,COMPARATIVE,GROUP_CONSOLIDATED,CAS,RMB_THOUSAND,4823476,SRC027,cb6f21537289a9c23ea0113602b3fc5e487a68437f8474f7473955abd8390b4c,10,"Other payables 4,217,071 4,823,476",PDF_DIRECT
H2::SRC027::CURRENT::BS_CURRENT_PORTION_DEBT,BS_CURRENT_PORTION_DEBT,Current portion of non-current liabilities,2026-03-31,2026Q1,CURRENT,GROUP_CONSOLIDATED,CAS,RMB_THOUSAND,2131965,SRC027,cb6f21537289a9c23ea0113602b3fc5e487a68437f8474f7473955abd8390b4c,10,"Current portion of non-current liabilities 2,131,965 5,821,777",PDF_DIRECT
H2::SRC027::COMPARATIVE::BS_CURRENT_PORTION_DEBT,BS_CURRENT_PORTION_DEBT,Current portion of non-current liabilities,2025-12-31,2026Q1,COMPARATIVE,GROUP_CONSOLIDATED,CAS,RMB_THOUSAND,5821777,SRC027,cb6f21537289a9c23ea0113602b3fc5e487a68437f8474f7473955abd8390b4c,10,"Current portion of non-current liabilities 2,131,965 5,821,777",PDF_DIRECT
H2::SRC027::CURRENT::BS_OTHER_CURRENT_LIABILITIES,BS_OTHER_CURRENT_LIABILITIES,Other current liabilities,2026-03-31,2026Q1,CURRENT,GROUP_CONSOLIDATED,CAS,RMB_THOUSAND,97790969,SRC027,cb6f21537289a9c23ea0113602b3fc5e487a68437f8474f7473955abd8390b4c,10,"Other current liabilities 97,790,969 92,537,419",PDF_DIRECT
H2::SRC027::COMPARATIVE::BS_OTHER_CURRENT_LIABILITIES,BS_OTHER_CURRENT_LIABILITIES,Other current liabilities,2025-12-31,2026Q1,COMPARATIVE,GROUP_CONSOLIDATED,CAS,RMB_THOUSAND,92537419,SRC027,cb6f21537289a9c23ea0113602b3fc5e487a68437f8474f7473955abd8390b4c,10,"Other current liabilities 97,790,969 92,537,419",PDF_DIRECT
H2::SRC027::CURRENT::BS_TOTAL_CURRENT_LIABILITIES,BS_TOTAL_CURRENT_LIABILITIES,Total current liabilities,2026-03-31,2026Q1,CURRENT,GROUP_CONSOLIDATED,CAS,RMB_THOUSAND,338456995,SRC027,cb6f21537289a9c23ea0113602b3fc5e487a68437f8474f7473955abd8390b4c,10,"Total current liabilities 338,456,995 343,383,700",PDF_DIRECT
H2::SRC027::COMPARATIVE::BS_TOTAL_CURRENT_LIABILITIES,BS_TOTAL_CURRENT_LIABILITIES,Total current liabilities,2025-12-31,2026Q1,COMPARATIVE,GROUP_CONSOLIDATED,CAS,RMB_THOUSAND,343383700,SRC027,cb6f21537289a9c23ea0113602b3fc5e487a68437f8474f7473955abd8390b4c,10,"Total current liabilities 338,456,995 343,383,700",PDF_DIRECT
H2::SRC027::CURRENT::BS_LONG_TERM_BORROWINGS,BS_LONG_TERM_BORROWINGS,Long-term borrowings,2026-03-31,2026Q1,CURRENT,GROUP_CONSOLIDATED,CAS,RMB_THOUSAND,13576764,SRC027,cb6f21537289a9c23ea0113602b3fc5e487a68437f8474f7473955abd8390b4c,10,"Long-term borrowings 13,576,764 12,658,843",PDF_DIRECT
H2::SRC027::COMPARATIVE::BS_LONG_TERM_BORROWINGS,BS_LONG_TERM_BORROWINGS,Long-term borrowings,2025-12-31,2026Q1,COMPARATIVE,GROUP_CONSOLIDATED,CAS,RMB_THOUSAND,12658843,SRC027,cb6f21537289a9c23ea0113602b3fc5e487a68437f8474f7473955abd8390b4c,10,"Long-term borrowings 13,576,764 12,658,843",PDF_DIRECT
H2::SRC027::CURRENT::BS_LONG_TERM_BONDS,BS_LONG_TERM_BONDS,Debenture payables,2026-03-31,2026Q1,CURRENT,GROUP_CONSOLIDATED,CAS,RMB_THOUSAND,3121853,SRC027,cb6f21537289a9c23ea0113602b3fc5e487a68437f8474f7473955abd8390b4c,10,"Debenture payables 3,121,853 3,194,774",PDF_DIRECT
H2::SRC027::COMPARATIVE::BS_LONG_TERM_BONDS,BS_LONG_TERM_BONDS,Debenture payables,2025-12-31,2026Q1,COMPARATIVE,GROUP_CONSOLIDATED,CAS,RMB_THOUSAND,3194774,SRC027,cb6f21537289a9c23ea0113602b3fc5e487a68437f8474f7473955abd8390b4c,10,"Debenture payables 3,121,853 3,194,774",PDF_DIRECT
H2::SRC027::CURRENT::BS_LEASE_LIABILITIES_NONCURRENT,BS_LEASE_LIABILITIES_NONCURRENT,Lease liabilities,2026-03-31,2026Q1,CURRENT,GROUP_CONSOLIDATED,CAS,RMB_THOUSAND,1974964,SRC027,cb6f21537289a9c23ea0113602b3fc5e487a68437f8474f7473955abd8390b4c,10,"Lease liabilities 1,974,964 1,901,053",PDF_DIRECT
H2::SRC027::COMPARATIVE::BS_LEASE_LIABILITIES_NONCURRENT,BS_LEASE_LIABILITIES_NONCURRENT,Lease liabilities,2025-12-31,2026Q1,COMPARATIVE,GROUP_CONSOLIDATED,CAS,RMB_THOUSAND,1901053,SRC027,cb6f21537289a9c23ea0113602b3fc5e487a68437f8474f7473955abd8390b4c,10,"Lease liabilities 1,974,964 1,901,053",PDF_DIRECT
H2::SRC027::CURRENT::BS_PROVISIONS,BS_PROVISIONS,Provisions,2026-03-31,2026Q1,CURRENT,GROUP_CONSOLIDATED,CAS,RMB_THOUSAND,903478,SRC027,cb6f21537289a9c23ea0113602b3fc5e487a68437f8474f7473955abd8390b4c,10,"Provisions 903,478 853,874",PDF_DIRECT
H2::SRC027::COMPARATIVE::BS_PROVISIONS,BS_PROVISIONS,Provisions,2025-12-31,2026Q1,COMPARATIVE,GROUP_CONSOLIDATED,CAS,RMB_THOUSAND,853874,SRC027,cb6f21537289a9c23ea0113602b3fc5e487a68437f8474f7473955abd8390b4c,10,"Provisions 903,478 853,874",PDF_DIRECT
H2::SRC027::CURRENT::BS_DEFERRED_INCOME,BS_DEFERRED_INCOME,Deferred income,2026-03-31,2026Q1,CURRENT,GROUP_CONSOLIDATED,CAS,RMB_THOUSAND,2727249,SRC027,cb6f21537289a9c23ea0113602b3fc5e487a68437f8474f7473955abd8390b4c,10,"Deferred income 2,727,249 2,638,278",PDF_DIRECT
H2::SRC027::COMPARATIVE::BS_DEFERRED_INCOME,BS_DEFERRED_INCOME,Deferred income,2025-12-31,2026Q1,COMPARATIVE,GROUP_CONSOLIDATED,CAS,RMB_THOUSAND,2638278,SRC027,cb6f21537289a9c23ea0113602b3fc5e487a68437f8474f7473955abd8390b4c,10,"Deferred income 2,727,249 2,638,278",PDF_DIRECT
H2::SRC027::CURRENT::BS_LONG_TERM_EMPLOYEE_BENEFITS,BS_LONG_TERM_EMPLOYEE_BENEFITS,Long-term employee benefits payable,2026-03-31,2026Q1,CURRENT,GROUP_CONSOLIDATED,CAS,RMB_THOUSAND,1287674,SRC027,cb6f21537289a9c23ea0113602b3fc5e487a68437f8474f7473955abd8390b4c,10,"Long-term employee benefits payable 1,287,674 1,376,865",PDF_DIRECT
H2::SRC027::COMPARATIVE::BS_LONG_TERM_EMPLOYEE_BENEFITS,BS_LONG_TERM_EMPLOYEE_BENEFITS,Long-term employee benefits payable,2025-12-31,2026Q1,COMPARATIVE,GROUP_CONSOLIDATED,CAS,RMB_THOUSAND,1376865,SRC027,cb6f21537289a9c23ea0113602b3fc5e487a68437f8474f7473955abd8390b4c,10,"Long-term employee benefits payable 1,287,674 1,376,865",PDF_DIRECT
H2::SRC027::CURRENT::BS_DEFERRED_TAX_LIABILITIES,BS_DEFERRED_TAX_LIABILITIES,Deferred tax liabilities,2026-03-31,2026Q1,CURRENT,GROUP_CONSOLIDATED,CAS,RMB_THOUSAND,6011942,SRC027,cb6f21537289a9c23ea0113602b3fc5e487a68437f8474f7473955abd8390b4c,10,"Deferred tax liabilities 6,011,942 5,891,940",PDF_DIRECT
H2::SRC027::COMPARATIVE::BS_DEFERRED_TAX_LIABILITIES,BS_DEFERRED_TAX_LIABILITIES,Deferred tax liabilities,2025-12-31,2026Q1,COMPARATIVE,GROUP_CONSOLIDATED,CAS,RMB_THOUSAND,5891940,SRC027,cb6f21537289a9c23ea0113602b3fc5e487a68437f8474f7473955abd8390b4c,10,"Deferred tax liabilities 6,011,942 5,891,940",PDF_DIRECT
H2::SRC027::CURRENT::BS_OTHER_NONCURRENT_LIABILITIES,BS_OTHER_NONCURRENT_LIABILITIES,Other non-current liabilities,2026-03-31,2026Q1,CURRENT,GROUP_CONSOLIDATED,CAS,RMB_THOUSAND,379521,SRC027,cb6f21537289a9c23ea0113602b3fc5e487a68437f8474f7473955abd8390b4c,10,"Other non-current liabilities 379,521 468,216",PDF_DIRECT
H2::SRC027::COMPARATIVE::BS_OTHER_NONCURRENT_LIABILITIES,BS_OTHER_NONCURRENT_LIABILITIES,Other non-current liabilities,2025-12-31,2026Q1,COMPARATIVE,GROUP_CONSOLIDATED,CAS,RMB_THOUSAND,468216,SRC027,cb6f21537289a9c23ea0113602b3fc5e487a68437f8474f7473955abd8390b4c,10,"Other non-current liabilities 379,521 468,216",PDF_DIRECT
H2::SRC027::CURRENT::BS_TOTAL_NONCURRENT_LIABILITIES,BS_TOTAL_NONCURRENT_LIABILITIES,Total non-current liabilities,2026-03-31,2026Q1,CURRENT,GROUP_CONSOLIDATED,CAS,RMB_THOUSAND,29983445,SRC027,cb6f21537289a9c23ea0113602b3fc5e487a68437f8474f7473955abd8390b4c,10,"Total non-current liabilities 29,983,445 28,983,843",PDF_DIRECT
H2::SRC027::COMPARATIVE::BS_TOTAL_NONCURRENT_LIABILITIES,BS_TOTAL_NONCURRENT_LIABILITIES,Total non-current liabilities,2025-12-31,2026Q1,COMPARATIVE,GROUP_CONSOLIDATED,CAS,RMB_THOUSAND,28983843,SRC027,cb6f21537289a9c23ea0113602b3fc5e487a68437f8474f7473955abd8390b4c,10,"Total non-current liabilities 29,983,445 28,983,843",PDF_DIRECT
H2::SRC027::CURRENT::BS_TOTAL_LIABILITIES,BS_TOTAL_LIABILITIES,Total liabilities,2026-03-31,2026Q1,CURRENT,GROUP_CONSOLIDATED,CAS,RMB_THOUSAND,368440440,SRC027,cb6f21537289a9c23ea0113602b3fc5e487a68437f8474f7473955abd8390b4c,10,"Total liabilities 368,440,440 372,367,543",PDF_DIRECT
H2::SRC027::COMPARATIVE::BS_TOTAL_LIABILITIES,BS_TOTAL_LIABILITIES,Total liabilities,2025-12-31,2026Q1,COMPARATIVE,GROUP_CONSOLIDATED,CAS,RMB_THOUSAND,372367543,SRC027,cb6f21537289a9c23ea0113602b3fc5e487a68437f8474f7473955abd8390b4c,10,"Total liabilities 368,440,440 372,367,543",PDF_DIRECT
H2::SRC027::CURRENT::BS_SHARE_CAPITAL,BS_SHARE_CAPITAL,Share capital,2026-03-31,2026Q1,CURRENT,GROUP_CONSOLIDATED,CAS,RMB_THOUSAND,7603276,SRC027,cb6f21537289a9c23ea0113602b3fc5e487a68437f8474f7473955abd8390b4c,11,"Share capital 7,603,276 7,597,145",PDF_DIRECT
H2::SRC027::COMPARATIVE::BS_SHARE_CAPITAL,BS_SHARE_CAPITAL,Share capital,2025-12-31,2026Q1,COMPARATIVE,GROUP_CONSOLIDATED,CAS,RMB_THOUSAND,7597145,SRC027,cb6f21537289a9c23ea0113602b3fc5e487a68437f8474f7473955abd8390b4c,11,"Share capital 7,603,276 7,597,145",PDF_DIRECT
H2::SRC027::CURRENT::BS_CAPITAL_RESERVE,BS_CAPITAL_RESERVE,Capital surplus,2026-03-31,2026Q1,CURRENT,GROUP_CONSOLIDATED,CAS,RMB_THOUSAND,45922779,SRC027,cb6f21537289a9c23ea0113602b3fc5e487a68437f8474f7473955abd8390b4c,11,"Capital surplus 45,922,779 45,350,720",PDF_DIRECT
H2::SRC027::COMPARATIVE::BS_CAPITAL_RESERVE,BS_CAPITAL_RESERVE,Capital surplus,2025-12-31,2026Q1,COMPARATIVE,GROUP_CONSOLIDATED,CAS,RMB_THOUSAND,45350720,SRC027,cb6f21537289a9c23ea0113602b3fc5e487a68437f8474f7473955abd8390b4c,11,"Capital surplus 45,922,779 45,350,720",PDF_DIRECT
H2::SRC027::CURRENT::BS_TREASURY_SHARES,BS_TREASURY_SHARES,Less: Treasury stock,2026-03-31,2026Q1,CURRENT,GROUP_CONSOLIDATED,CAS,RMB_THOUSAND,-9741358,SRC027,cb6f21537289a9c23ea0113602b3fc5e487a68437f8474f7473955abd8390b4c,11,"Less: Treasury stock (9,741,358) (8,151,117)",PDF_DIRECT
H2::SRC027::COMPARATIVE::BS_TREASURY_SHARES,BS_TREASURY_SHARES,Less: Treasury stock,2025-12-31,2026Q1,COMPARATIVE,GROUP_CONSOLIDATED,CAS,RMB_THOUSAND,-8151117,SRC027,cb6f21537289a9c23ea0113602b3fc5e487a68437f8474f7473955abd8390b4c,11,"Less: Treasury stock (9,741,358) (8,151,117)",PDF_DIRECT
H2::SRC027::CURRENT::BS_OCI,BS_OCI,Other comprehensive income,2026-03-31,2026Q1,CURRENT,GROUP_CONSOLIDATED,CAS,RMB_THOUSAND,-3045042,SRC027,cb6f21537289a9c23ea0113602b3fc5e487a68437f8474f7473955abd8390b4c,11,"Other comprehensive income (3,045,042) (468,755)",PDF_DIRECT
H2::SRC027::COMPARATIVE::BS_OCI,BS_OCI,Other comprehensive income,2025-12-31,2026Q1,COMPARATIVE,GROUP_CONSOLIDATED,CAS,RMB_THOUSAND,-468755,SRC027,cb6f21537289a9c23ea0113602b3fc5e487a68437f8474f7473955abd8390b4c,11,"Other comprehensive income (3,045,042) (468,755)",PDF_DIRECT
H2::SRC027::CURRENT::BS_GENERAL_RISK_RESERVE,BS_GENERAL_RISK_RESERVE,General risk reserve,2026-03-31,2026Q1,CURRENT,GROUP_CONSOLIDATED,CAS,RMB_THOUSAND,977554,SRC027,cb6f21537289a9c23ea0113602b3fc5e487a68437f8474f7473955abd8390b4c,11,"General risk reserve 977,554 935,764",PDF_DIRECT
H2::SRC027::COMPARATIVE::BS_GENERAL_RISK_RESERVE,BS_GENERAL_RISK_RESERVE,General risk reserve,2025-12-31,2026Q1,COMPARATIVE,GROUP_CONSOLIDATED,CAS,RMB_THOUSAND,935764,SRC027,cb6f21537289a9c23ea0113602b3fc5e487a68437f8474f7473955abd8390b4c,11,"General risk reserve 977,554 935,764",PDF_DIRECT
H2::SRC027::CURRENT::BS_SPECIAL_RESERVE,BS_SPECIAL_RESERVE,Special reserve,2026-03-31,2026Q1,CURRENT,GROUP_CONSOLIDATED,CAS,RMB_THOUSAND,26778,SRC027,cb6f21537289a9c23ea0113602b3fc5e487a68437f8474f7473955abd8390b4c,11,"Special reserve 26,778 26,600",PDF_DIRECT
H2::SRC027::COMPARATIVE::BS_SPECIAL_RESERVE,BS_SPECIAL_RESERVE,Special reserve,2025-12-31,2026Q1,COMPARATIVE,GROUP_CONSOLIDATED,CAS,RMB_THOUSAND,26600,SRC027,cb6f21537289a9c23ea0113602b3fc5e487a68437f8474f7473955abd8390b4c,11,"Special reserve 26,778 26,600",PDF_DIRECT
H2::SRC027::CURRENT::BS_SURPLUS_RESERVE,BS_SURPLUS_RESERVE,Surplus reserve,2026-03-31,2026Q1,CURRENT,GROUP_CONSOLIDATED,CAS,RMB_THOUSAND,10702928,SRC027,cb6f21537289a9c23ea0113602b3fc5e487a68437f8474f7473955abd8390b4c,11,"Surplus reserve 10,702,928 10,702,928",PDF_DIRECT
H2::SRC027::COMPARATIVE::BS_SURPLUS_RESERVE,BS_SURPLUS_RESERVE,Surplus reserve,2025-12-31,2026Q1,COMPARATIVE,GROUP_CONSOLIDATED,CAS,RMB_THOUSAND,10702928,SRC027,cb6f21537289a9c23ea0113602b3fc5e487a68437f8474f7473955abd8390b4c,11,"Surplus reserve 10,702,928 10,702,928",PDF_DIRECT
H2::SRC027::CURRENT::BS_RETAINED_EARNINGS,BS_RETAINED_EARNINGS,Undistributed profits,2026-03-31,2026Q1,CURRENT,GROUP_CONSOLIDATED,CAS,RMB_THOUSAND,179860791,SRC027,cb6f21537289a9c23ea0113602b3fc5e487a68437f8474f7473955abd8390b4c,11,"Undistributed profits 179,860,791 167,228,020",PDF_DIRECT
H2::SRC027::COMPARATIVE::BS_RETAINED_EARNINGS,BS_RETAINED_EARNINGS,Undistributed profits,2025-12-31,2026Q1,COMPARATIVE,GROUP_CONSOLIDATED,CAS,RMB_THOUSAND,167228020,SRC027,cb6f21537289a9c23ea0113602b3fc5e487a68437f8474f7473955abd8390b4c,11,"Undistributed profits 179,860,791 167,228,020",PDF_DIRECT
H2::SRC027::CURRENT::BS_PARENT_EQUITY,BS_PARENT_EQUITY,Total equity attributable to shareholders of the Company,2026-03-31,2026Q1,CURRENT,GROUP_CONSOLIDATED,CAS,RMB_THOUSAND,232307706,SRC027,cb6f21537289a9c23ea0113602b3fc5e487a68437f8474f7473955abd8390b4c,11,"Total equity attributable to shareholders of the Company 232,307,706 223,221,305",PDF_DIRECT
H2::SRC027::COMPARATIVE::BS_PARENT_EQUITY,BS_PARENT_EQUITY,Total equity attributable to shareholders of the Company,2025-12-31,2026Q1,COMPARATIVE,GROUP_CONSOLIDATED,CAS,RMB_THOUSAND,223221305,SRC027,cb6f21537289a9c23ea0113602b3fc5e487a68437f8474f7473955abd8390b4c,11,"Total equity attributable to shareholders of the Company 232,307,706 223,221,305",PDF_DIRECT
H2::SRC027::CURRENT::BS_NCI,BS_NCI,Minority interests,2026-03-31,2026Q1,CURRENT,GROUP_CONSOLIDATED,CAS,RMB_THOUSAND,13133425,SRC027,cb6f21537289a9c23ea0113602b3fc5e487a68437f8474f7473955abd8390b4c,11,"Minority interests 13,133,425 13,202,918",PDF_DIRECT
H2::SRC027::COMPARATIVE::BS_NCI,BS_NCI,Minority interests,2025-12-31,2026Q1,COMPARATIVE,GROUP_CONSOLIDATED,CAS,RMB_THOUSAND,13202918,SRC027,cb6f21537289a9c23ea0113602b3fc5e487a68437f8474f7473955abd8390b4c,11,"Minority interests 13,133,425 13,202,918",PDF_DIRECT
H2::SRC027::CURRENT::BS_TOTAL_EQUITY,BS_TOTAL_EQUITY,Total equity,2026-03-31,2026Q1,CURRENT,GROUP_CONSOLIDATED,CAS,RMB_THOUSAND,245441131,SRC027,cb6f21537289a9c23ea0113602b3fc5e487a68437f8474f7473955abd8390b4c,11,"Total equity 245,441,131 236,424,223",PDF_DIRECT
H2::SRC027::COMPARATIVE::BS_TOTAL_EQUITY,BS_TOTAL_EQUITY,Total equity,2025-12-31,2026Q1,COMPARATIVE,GROUP_CONSOLIDATED,CAS,RMB_THOUSAND,236424223,SRC027,cb6f21537289a9c23ea0113602b3fc5e487a68437f8474f7473955abd8390b4c,11,"Total equity 245,441,131 236,424,223",PDF_DIRECT
H2::SRC027::CURRENT::IS_TOTAL_REVENUE,IS_TOTAL_REVENUE,I. Total revenue,2026Q1,2026Q1,CURRENT,GROUP_CONSOLIDATED,CAS,RMB_THOUSAND,131580870,SRC027,cb6f21537289a9c23ea0113602b3fc5e487a68437f8474f7473955abd8390b4c,12,"I. Total revenue 131,580,870 128,428,421",PDF_DIRECT
H2::SRC027::COMPARATIVE::IS_TOTAL_REVENUE,IS_TOTAL_REVENUE,I. Total revenue,2025Q1,2026Q1,COMPARATIVE,GROUP_CONSOLIDATED,CAS,RMB_THOUSAND,128428421,SRC027,cb6f21537289a9c23ea0113602b3fc5e487a68437f8474f7473955abd8390b4c,12,"I. Total revenue 131,580,870 128,428,421",PDF_DIRECT
H2::SRC027::CURRENT::IS_OPERATING_REVENUE,IS_OPERATING_REVENUE,Operating revenue,2026Q1,2026Q1,CURRENT,GROUP_CONSOLIDATED,CAS,RMB_THOUSAND,131098601,SRC027,cb6f21537289a9c23ea0113602b3fc5e487a68437f8474f7473955abd8390b4c,12,"Operating revenue 131,098,601 127,838,538",PDF_DIRECT
H2::SRC027::COMPARATIVE::IS_OPERATING_REVENUE,IS_OPERATING_REVENUE,Operating revenue,2025Q1,2026Q1,COMPARATIVE,GROUP_CONSOLIDATED,CAS,RMB_THOUSAND,127838538,SRC027,cb6f21537289a9c23ea0113602b3fc5e487a68437f8474f7473955abd8390b4c,12,"Operating revenue 131,098,601 127,838,538",PDF_DIRECT
H2::SRC027::CURRENT::IS_FINANCIAL_BUSINESS_INTEREST_INCOME,IS_FINANCIAL_BUSINESS_INTEREST_INCOME,Interest income,2026Q1,2026Q1,CURRENT,GROUP_CONSOLIDATED,CAS,RMB_THOUSAND,482157,SRC027,cb6f21537289a9c23ea0113602b3fc5e487a68437f8474f7473955abd8390b4c,12,"Interest income 482,157 589,752",PDF_DIRECT
H2::SRC027::COMPARATIVE::IS_FINANCIAL_BUSINESS_INTEREST_INCOME,IS_FINANCIAL_BUSINESS_INTEREST_INCOME,Interest income,2025Q1,2026Q1,COMPARATIVE,GROUP_CONSOLIDATED,CAS,RMB_THOUSAND,589752,SRC027,cb6f21537289a9c23ea0113602b3fc5e487a68437f8474f7473955abd8390b4c,12,"Interest income 482,157 589,752",PDF_DIRECT
H2::SRC027::CURRENT::IS_FEE_COMMISSION_INCOME,IS_FEE_COMMISSION_INCOME,Fee and commission income,2026Q1,2026Q1,CURRENT,GROUP_CONSOLIDATED,CAS,RMB_THOUSAND,112,SRC027,cb6f21537289a9c23ea0113602b3fc5e487a68437f8474f7473955abd8390b4c,12,Fee and commission income 112 131,PDF_DIRECT
H2::SRC027::COMPARATIVE::IS_FEE_COMMISSION_INCOME,IS_FEE_COMMISSION_INCOME,Fee and commission income,2025Q1,2026Q1,COMPARATIVE,GROUP_CONSOLIDATED,CAS,RMB_THOUSAND,131,SRC027,cb6f21537289a9c23ea0113602b3fc5e487a68437f8474f7473955abd8390b4c,12,Fee and commission income 112 131,PDF_DIRECT
H2::SRC027::CURRENT::IS_OPERATING_COST,IS_OPERATING_COST,II. Total operating cost,2026Q1,2026Q1,CURRENT,GROUP_CONSOLIDATED,CAS,RMB_THOUSAND,-118698411,SRC027,cb6f21537289a9c23ea0113602b3fc5e487a68437f8474f7473955abd8390b4c,12,"II. Total operating cost (118,698,411) (112,773,852)",PDF_DIRECT
H2::SRC027::COMPARATIVE::IS_OPERATING_COST,IS_OPERATING_COST,II. Total operating cost,2025Q1,2026Q1,COMPARATIVE,GROUP_CONSOLIDATED,CAS,RMB_THOUSAND,-112773852,SRC027,cb6f21537289a9c23ea0113602b3fc5e487a68437f8474f7473955abd8390b4c,12,"II. Total operating cost (118,698,411) (112,773,852)",PDF_DIRECT
H2::SRC027::CURRENT::IS_COST_OF_SALES,IS_COST_OF_SALES,Cost of sales,2026Q1,2026Q1,CURRENT,GROUP_CONSOLIDATED,CAS,RMB_THOUSAND,-97575205,SRC027,cb6f21537289a9c23ea0113602b3fc5e487a68437f8474f7473955abd8390b4c,12,"Cost of sales (97,575,205) (95,307,291)",PDF_DIRECT
H2::SRC027::COMPARATIVE::IS_COST_OF_SALES,IS_COST_OF_SALES,Cost of sales,2025Q1,2026Q1,COMPARATIVE,GROUP_CONSOLIDATED,CAS,RMB_THOUSAND,-95307291,SRC027,cb6f21537289a9c23ea0113602b3fc5e487a68437f8474f7473955abd8390b4c,12,"Cost of sales (97,575,205) (95,307,291)",PDF_DIRECT
H2::SRC027::CURRENT::IS_TAXES_SURCHARGES,IS_TAXES_SURCHARGES,Taxes and surcharges,2026Q1,2026Q1,CURRENT,GROUP_CONSOLIDATED,CAS,RMB_THOUSAND,-570345,SRC027,cb6f21537289a9c23ea0113602b3fc5e487a68437f8474f7473955abd8390b4c,12,"Taxes and surcharges (570,345) (546,743)",PDF_DIRECT
H2::SRC027::COMPARATIVE::IS_TAXES_SURCHARGES,IS_TAXES_SURCHARGES,Taxes and surcharges,2025Q1,2026Q1,COMPARATIVE,GROUP_CONSOLIDATED,CAS,RMB_THOUSAND,-546743,SRC027,cb6f21537289a9c23ea0113602b3fc5e487a68437f8474f7473955abd8390b4c,12,"Taxes and surcharges (570,345) (546,743)",PDF_DIRECT
H2::SRC027::CURRENT::IS_SELLING_EXPENSE,IS_SELLING_EXPENSE,Selling and marketing expenses,2026Q1,2026Q1,CURRENT,GROUP_CONSOLIDATED,CAS,RMB_THOUSAND,-11355567,SRC027,cb6f21537289a9c23ea0113602b3fc5e487a68437f8474f7473955abd8390b4c,12,"Selling and marketing expenses (11,355,567) (11,874,752)",PDF_DIRECT
H2::SRC027::COMPARATIVE::IS_SELLING_EXPENSE,IS_SELLING_EXPENSE,Selling and marketing expenses,2025Q1,2026Q1,COMPARATIVE,GROUP_CONSOLIDATED,CAS,RMB_THOUSAND,-11874752,SRC027,cb6f21537289a9c23ea0113602b3fc5e487a68437f8474f7473955abd8390b4c,12,"Selling and marketing expenses (11,355,567) (11,874,752)",PDF_DIRECT
H2::SRC027::CURRENT::IS_ADMIN_EXPENSE,IS_ADMIN_EXPENSE,General and administrative expenses,2026Q1,2026Q1,CURRENT,GROUP_CONSOLIDATED,CAS,RMB_THOUSAND,-3681084,SRC027,cb6f21537289a9c23ea0113602b3fc5e487a68437f8474f7473955abd8390b4c,12,"General and administrative expenses (3,681,084) (3,536,613)",PDF_DIRECT
H2::SRC027::COMPARATIVE::IS_ADMIN_EXPENSE,IS_ADMIN_EXPENSE,General and administrative expenses,2025Q1,2026Q1,COMPARATIVE,GROUP_CONSOLIDATED,CAS,RMB_THOUSAND,-3536613,SRC027,cb6f21537289a9c23ea0113602b3fc5e487a68437f8474f7473955abd8390b4c,12,"General and administrative expenses (3,681,084) (3,536,613)",PDF_DIRECT
H2::SRC027::CURRENT::IS_RD_EXPENSE,IS_RD_EXPENSE,Research and development expenses,2026Q1,2026Q1,CURRENT,GROUP_CONSOLIDATED,CAS,RMB_THOUSAND,-4165725,SRC027,cb6f21537289a9c23ea0113602b3fc5e487a68437f8474f7473955abd8390b4c,12,"Research and development expenses (4,165,725) (4,347,878)",PDF_DIRECT
H2::SRC027::COMPARATIVE::IS_RD_EXPENSE,IS_RD_EXPENSE,Research and development expenses,2025Q1,2026Q1,COMPARATIVE,GROUP_CONSOLIDATED,CAS,RMB_THOUSAND,-4347878,SRC027,cb6f21537289a9c23ea0113602b3fc5e487a68437f8474f7473955abd8390b4c,12,"Research and development expenses (4,165,725) (4,347,878)",PDF_DIRECT
H2::SRC027::CURRENT::IS_FINANCE_RESULT,IS_FINANCE_RESULT,Finance (expense)/income,2026Q1,2026Q1,CURRENT,GROUP_CONSOLIDATED,CAS,RMB_THOUSAND,-1349928,SRC027,cb6f21537289a9c23ea0113602b3fc5e487a68437f8474f7473955abd8390b4c,12,"Finance (expense)/income (1,349,928) 2,840,004",PDF_DIRECT
H2::SRC027::COMPARATIVE::IS_FINANCE_RESULT,IS_FINANCE_RESULT,Finance (expense)/income,2025Q1,2026Q1,COMPARATIVE,GROUP_CONSOLIDATED,CAS,RMB_THOUSAND,2840004,SRC027,cb6f21537289a9c23ea0113602b3fc5e487a68437f8474f7473955abd8390b4c,12,"Finance (expense)/income (1,349,928) 2,840,004",PDF_DIRECT
H2::SRC027::CURRENT::IS_OTHER_INCOME,IS_OTHER_INCOME,Other income,2026Q1,2026Q1,CURRENT,GROUP_CONSOLIDATED,CAS,RMB_THOUSAND,947841,SRC027,cb6f21537289a9c23ea0113602b3fc5e487a68437f8474f7473955abd8390b4c,12,"Other income 947,841 620,406",PDF_DIRECT
H2::SRC027::COMPARATIVE::IS_OTHER_INCOME,IS_OTHER_INCOME,Other income,2025Q1,2026Q1,COMPARATIVE,GROUP_CONSOLIDATED,CAS,RMB_THOUSAND,620406,SRC027,cb6f21537289a9c23ea0113602b3fc5e487a68437f8474f7473955abd8390b4c,12,"Other income 947,841 620,406",PDF_DIRECT
H2::SRC027::CURRENT::IS_INVESTMENT_INCOME,IS_INVESTMENT_INCOME,Investment income,2026Q1,2026Q1,CURRENT,GROUP_CONSOLIDATED,CAS,RMB_THOUSAND,1041608,SRC027,cb6f21537289a9c23ea0113602b3fc5e487a68437f8474f7473955abd8390b4c,12,"Investment income 1,041,608 533,799",PDF_DIRECT
H2::SRC027::COMPARATIVE::IS_INVESTMENT_INCOME,IS_INVESTMENT_INCOME,Investment income,2025Q1,2026Q1,COMPARATIVE,GROUP_CONSOLIDATED,CAS,RMB_THOUSAND,533799,SRC027,cb6f21537289a9c23ea0113602b3fc5e487a68437f8474f7473955abd8390b4c,12,"Investment income 1,041,608 533,799",PDF_DIRECT
H2::SRC027::CURRENT::IS_FAIR_VALUE_CHANGE,IS_FAIR_VALUE_CHANGE,Gains/(losses) on changes in fair value,2026Q1,2026Q1,CURRENT,GROUP_CONSOLIDATED,CAS,RMB_THOUSAND,653446,SRC027,cb6f21537289a9c23ea0113602b3fc5e487a68437f8474f7473955abd8390b4c,12,"Gains/(losses) on changes in fair value 653,446 (1,081,776)",PDF_DIRECT
H2::SRC027::COMPARATIVE::IS_FAIR_VALUE_CHANGE,IS_FAIR_VALUE_CHANGE,Gains/(losses) on changes in fair value,2025Q1,2026Q1,COMPARATIVE,GROUP_CONSOLIDATED,CAS,RMB_THOUSAND,-1081776,SRC027,cb6f21537289a9c23ea0113602b3fc5e487a68437f8474f7473955abd8390b4c,12,"Gains/(losses) on changes in fair value 653,446 (1,081,776)",PDF_DIRECT
H2::SRC027::CURRENT::IS_ASSET_IMPAIRMENT,IS_ASSET_IMPAIRMENT,Asset impairment losses,2026Q1,2026Q1,CURRENT,GROUP_CONSOLIDATED,CAS,RMB_THOUSAND,-151028,SRC027,cb6f21537289a9c23ea0113602b3fc5e487a68437f8474f7473955abd8390b4c,12,"Asset impairment losses (151,028) (213,315)",PDF_DIRECT
H2::SRC027::COMPARATIVE::IS_ASSET_IMPAIRMENT,IS_ASSET_IMPAIRMENT,Asset impairment losses,2025Q1,2026Q1,COMPARATIVE,GROUP_CONSOLIDATED,CAS,RMB_THOUSAND,-213315,SRC027,cb6f21537289a9c23ea0113602b3fc5e487a68437f8474f7473955abd8390b4c,12,"Asset impairment losses (151,028) (213,315)",PDF_DIRECT
H2::SRC027::CURRENT::IS_CREDIT_IMPAIRMENT,IS_CREDIT_IMPAIRMENT,(Losses)/gains on credit impairment,2026Q1,2026Q1,CURRENT,GROUP_CONSOLIDATED,CAS,RMB_THOUSAND,-336353,SRC027,cb6f21537289a9c23ea0113602b3fc5e487a68437f8474f7473955abd8390b4c,12,"(Losses)/gains on credit impairment (336,353) (376,533)",PDF_DIRECT
H2::SRC027::COMPARATIVE::IS_CREDIT_IMPAIRMENT,IS_CREDIT_IMPAIRMENT,(Losses)/gains on credit impairment,2025Q1,2026Q1,COMPARATIVE,GROUP_CONSOLIDATED,CAS,RMB_THOUSAND,-376533,SRC027,cb6f21537289a9c23ea0113602b3fc5e487a68437f8474f7473955abd8390b4c,12,"(Losses)/gains on credit impairment (336,353) (376,533)",PDF_DIRECT
H2::SRC027::CURRENT::IS_ASSET_DISPOSAL,IS_ASSET_DISPOSAL,Gains/(losses) on disposal of assets,2026Q1,2026Q1,CURRENT,GROUP_CONSOLIDATED,CAS,RMB_THOUSAND,13515,SRC027,cb6f21537289a9c23ea0113602b3fc5e487a68437f8474f7473955abd8390b4c,12,"Gains/(losses) on disposal of assets 13,515 (17,958)",PDF_DIRECT
H2::SRC027::COMPARATIVE::IS_ASSET_DISPOSAL,IS_ASSET_DISPOSAL,Gains/(losses) on disposal of assets,2025Q1,2026Q1,COMPARATIVE,GROUP_CONSOLIDATED,CAS,RMB_THOUSAND,-17958,SRC027,cb6f21537289a9c23ea0113602b3fc5e487a68437f8474f7473955abd8390b4c,12,"Gains/(losses) on disposal of assets 13,515 (17,958)",PDF_DIRECT
H2::SRC027::CURRENT::IS_OPERATING_PROFIT,IS_OPERATING_PROFIT,III. Operating profit,2026Q1,2026Q1,CURRENT,GROUP_CONSOLIDATED,CAS,RMB_THOUSAND,15051488,SRC027,cb6f21537289a9c23ea0113602b3fc5e487a68437f8474f7473955abd8390b4c,13,"III. Operating profit 15,051,488 15,119,192",PDF_DIRECT
H2::SRC027::COMPARATIVE::IS_OPERATING_PROFIT,IS_OPERATING_PROFIT,III. Operating profit,2025Q1,2026Q1,COMPARATIVE,GROUP_CONSOLIDATED,CAS,RMB_THOUSAND,15119192,SRC027,cb6f21537289a9c23ea0113602b3fc5e487a68437f8474f7473955abd8390b4c,13,"III. Operating profit 15,051,488 15,119,192",PDF_DIRECT
H2::SRC027::CURRENT::IS_NONOPERATING_INCOME,IS_NONOPERATING_INCOME,Non-operating income,2026Q1,2026Q1,CURRENT,GROUP_CONSOLIDATED,CAS,RMB_THOUSAND,127373,SRC027,cb6f21537289a9c23ea0113602b3fc5e487a68437f8474f7473955abd8390b4c,13,"Non-operating income 127,373 48,173",PDF_DIRECT
H2::SRC027::COMPARATIVE::IS_NONOPERATING_INCOME,IS_NONOPERATING_INCOME,Non-operating income,2025Q1,2026Q1,COMPARATIVE,GROUP_CONSOLIDATED,CAS,RMB_THOUSAND,48173,SRC027,cb6f21537289a9c23ea0113602b3fc5e487a68437f8474f7473955abd8390b4c,13,"Non-operating income 127,373 48,173",PDF_DIRECT
H2::SRC027::CURRENT::IS_NONOPERATING_EXPENSE,IS_NONOPERATING_EXPENSE,Non-operating expenses,2026Q1,2026Q1,CURRENT,GROUP_CONSOLIDATED,CAS,RMB_THOUSAND,-34791,SRC027,cb6f21537289a9c23ea0113602b3fc5e487a68437f8474f7473955abd8390b4c,13,"Non-operating expenses (34,791) (32,436)",PDF_DIRECT
H2::SRC027::COMPARATIVE::IS_NONOPERATING_EXPENSE,IS_NONOPERATING_EXPENSE,Non-operating expenses,2025Q1,2026Q1,COMPARATIVE,GROUP_CONSOLIDATED,CAS,RMB_THOUSAND,-32436,SRC027,cb6f21537289a9c23ea0113602b3fc5e487a68437f8474f7473955abd8390b4c,13,"Non-operating expenses (34,791) (32,436)",PDF_DIRECT
H2::SRC027::CURRENT::IS_PBT,IS_PBT,IV. Total profit,2026Q1,2026Q1,CURRENT,GROUP_CONSOLIDATED,CAS,RMB_THOUSAND,15144070,SRC027,cb6f21537289a9c23ea0113602b3fc5e487a68437f8474f7473955abd8390b4c,13,"IV. Total profit 15,144,070 15,134,929",PDF_DIRECT
H2::SRC027::COMPARATIVE::IS_PBT,IS_PBT,IV. Total profit,2025Q1,2026Q1,COMPARATIVE,GROUP_CONSOLIDATED,CAS,RMB_THOUSAND,15134929,SRC027,cb6f21537289a9c23ea0113602b3fc5e487a68437f8474f7473955abd8390b4c,13,"IV. Total profit 15,144,070 15,134,929",PDF_DIRECT
H2::SRC027::CURRENT::IS_INCOME_TAX,IS_INCOME_TAX,Income tax expenses,2026Q1,2026Q1,CURRENT,GROUP_CONSOLIDATED,CAS,RMB_THOUSAND,-2284559,SRC027,cb6f21537289a9c23ea0113602b3fc5e487a68437f8474f7473955abd8390b4c,13,"Income tax expenses (2,284,559) (2,389,031)",PDF_DIRECT
H2::SRC027::COMPARATIVE::IS_INCOME_TAX,IS_INCOME_TAX,Income tax expenses,2025Q1,2026Q1,COMPARATIVE,GROUP_CONSOLIDATED,CAS,RMB_THOUSAND,-2389031,SRC027,cb6f21537289a9c23ea0113602b3fc5e487a68437f8474f7473955abd8390b4c,13,"Income tax expenses (2,284,559) (2,389,031)",PDF_DIRECT
H2::SRC027::CURRENT::IS_NET_PROFIT,IS_NET_PROFIT,V. Net profit,2026Q1,2026Q1,CURRENT,GROUP_CONSOLIDATED,CAS,RMB_THOUSAND,12859511,SRC027,cb6f21537289a9c23ea0113602b3fc5e487a68437f8474f7473955abd8390b4c,13,"V. Net profit 12,859,511 12,745,898",PDF_DIRECT
H2::SRC027::COMPARATIVE::IS_NET_PROFIT,IS_NET_PROFIT,V. Net profit,2025Q1,2026Q1,COMPARATIVE,GROUP_CONSOLIDATED,CAS,RMB_THOUSAND,12745898,SRC027,cb6f21537289a9c23ea0113602b3fc5e487a68437f8474f7473955abd8390b4c,13,"V. Net profit 12,859,511 12,745,898",PDF_DIRECT
H2::SRC027::CURRENT::IS_ATTRIBUTABLE_NI,IS_ATTRIBUTABLE_NI,Attributable to shareholders of the Company,2026Q1,2026Q1,CURRENT,GROUP_CONSOLIDATED,CAS,RMB_THOUSAND,12674556,SRC027,cb6f21537289a9c23ea0113602b3fc5e487a68437f8474f7473955abd8390b4c,13,"Attributable to shareholders of the Company 12,674,556 12,422,233",PDF_DIRECT
H2::SRC027::COMPARATIVE::IS_ATTRIBUTABLE_NI,IS_ATTRIBUTABLE_NI,Attributable to shareholders of the Company,2025Q1,2026Q1,COMPARATIVE,GROUP_CONSOLIDATED,CAS,RMB_THOUSAND,12422233,SRC027,cb6f21537289a9c23ea0113602b3fc5e487a68437f8474f7473955abd8390b4c,13,"Attributable to shareholders of the Company 12,674,556 12,422,233",PDF_DIRECT
H2::SRC027::CURRENT::IS_NCI_PROFIT,IS_NCI_PROFIT,Minority interests,2026Q1,2026Q1,CURRENT,GROUP_CONSOLIDATED,CAS,RMB_THOUSAND,184955,SRC027,cb6f21537289a9c23ea0113602b3fc5e487a68437f8474f7473955abd8390b4c,13,"Minority interests 184,955 323,665",PDF_DIRECT
H2::SRC027::COMPARATIVE::IS_NCI_PROFIT,IS_NCI_PROFIT,Minority interests,2025Q1,2026Q1,COMPARATIVE,GROUP_CONSOLIDATED,CAS,RMB_THOUSAND,323665,SRC027,cb6f21537289a9c23ea0113602b3fc5e487a68437f8474f7473955abd8390b4c,13,"Minority interests 184,955 323,665",PDF_DIRECT
H2::SRC027::CURRENT::IS_OCI,IS_OCI,"VI. Other comprehensive income, net of tax",2026Q1,2026Q1,CURRENT,GROUP_CONSOLIDATED,CAS,RMB_THOUSAND,-2693330,SRC027,cb6f21537289a9c23ea0113602b3fc5e487a68437f8474f7473955abd8390b4c,13,"VI. Other comprehensive income, net of tax (2,693,330) 216,367",PDF_DIRECT
H2::SRC027::COMPARATIVE::IS_OCI,IS_OCI,"VI. Other comprehensive income, net of tax",2025Q1,2026Q1,COMPARATIVE,GROUP_CONSOLIDATED,CAS,RMB_THOUSAND,216367,SRC027,cb6f21537289a9c23ea0113602b3fc5e487a68437f8474f7473955abd8390b4c,13,"VI. Other comprehensive income, net of tax (2,693,330) 216,367",PDF_DIRECT
H2::SRC027::CURRENT::IS_COMPREHENSIVE_INCOME,IS_COMPREHENSIVE_INCOME,VII. Total comprehensive income,2026Q1,2026Q1,CURRENT,GROUP_CONSOLIDATED,CAS,RMB_THOUSAND,10166181,SRC027,cb6f21537289a9c23ea0113602b3fc5e487a68437f8474f7473955abd8390b4c,14,"VII. Total comprehensive income 10,166,181 12,962,265",PDF_DIRECT
H2::SRC027::COMPARATIVE::IS_COMPREHENSIVE_INCOME,IS_COMPREHENSIVE_INCOME,VII. Total comprehensive income,2025Q1,2026Q1,COMPARATIVE,GROUP_CONSOLIDATED,CAS,RMB_THOUSAND,12962265,SRC027,cb6f21537289a9c23ea0113602b3fc5e487a68437f8474f7473955abd8390b4c,14,"VII. Total comprehensive income 10,166,181 12,962,265",PDF_DIRECT
H2::SRC027::CURRENT::IS_BASIC_EPS,IS_BASIC_EPS,Basic earnings per share,2026Q1,2026Q1,CURRENT,GROUP_CONSOLIDATED,CAS,RMB_PER_SHARE,1.69,SRC027,cb6f21537289a9c23ea0113602b3fc5e487a68437f8474f7473955abd8390b4c,14,Basic earnings per share 1.69 1.64,PDF_DIRECT
H2::SRC027::COMPARATIVE::IS_BASIC_EPS,IS_BASIC_EPS,Basic earnings per share,2025Q1,2026Q1,COMPARATIVE,GROUP_CONSOLIDATED,CAS,RMB_PER_SHARE,1.64,SRC027,cb6f21537289a9c23ea0113602b3fc5e487a68437f8474f7473955abd8390b4c,14,Basic earnings per share 1.69 1.64,PDF_DIRECT
H2::SRC027::CURRENT::IS_DILUTED_EPS,IS_DILUTED_EPS,Diluted earnings per share,2026Q1,2026Q1,CURRENT,GROUP_CONSOLIDATED,CAS,RMB_PER_SHARE,1.69,SRC027,cb6f21537289a9c23ea0113602b3fc5e487a68437f8474f7473955abd8390b4c,14,Diluted earnings per share 1.69 1.63,PDF_DIRECT
H2::SRC027::COMPARATIVE::IS_DILUTED_EPS,IS_DILUTED_EPS,Diluted earnings per share,2025Q1,2026Q1,COMPARATIVE,GROUP_CONSOLIDATED,CAS,RMB_PER_SHARE,1.63,SRC027,cb6f21537289a9c23ea0113602b3fc5e487a68437f8474f7473955abd8390b4c,14,Diluted earnings per share 1.69 1.63,PDF_DIRECT
H2::SRC027::CURRENT::CF_OPERATING_CASH_FLOW,CF_OPERATING_CASH_FLOW,Net cash flows from operating activities,2026Q1,2026Q1,CURRENT,GROUP_CONSOLIDATED,CAS,RMB_THOUSAND,14529165,SRC027,cb6f21537289a9c23ea0113602b3fc5e487a68437f8474f7473955abd8390b4c,15,"Net cash flows from operating activities 14,529,165 14,320,968",PDF_DIRECT
H2::SRC027::COMPARATIVE::CF_OPERATING_CASH_FLOW,CF_OPERATING_CASH_FLOW,Net cash flows from operating activities,2025Q1,2026Q1,COMPARATIVE,GROUP_CONSOLIDATED,CAS,RMB_THOUSAND,14320968,SRC027,cb6f21537289a9c23ea0113602b3fc5e487a68437f8474f7473955abd8390b4c,15,"Net cash flows from operating activities 14,529,165 14,320,968",PDF_DIRECT
H2::SRC027::CURRENT::CF_CAPEX,CF_CAPEX,"Cash paid to acquire fixed assets, intangible assets and other long-term assets",2026Q1,2026Q1,CURRENT,GROUP_CONSOLIDATED,CAS,RMB_THOUSAND,-2142959,SRC027,cb6f21537289a9c23ea0113602b3fc5e487a68437f8474f7473955abd8390b4c,16,"Cash paid to acquire fixed assets, intangible assets and other long-term assets (2,142,959) (1,863,477)",PDF_DIRECT
H2::SRC027::COMPARATIVE::CF_CAPEX,CF_CAPEX,"Cash paid to acquire fixed assets, intangible assets and other long-term assets",2025Q1,2026Q1,COMPARATIVE,GROUP_CONSOLIDATED,CAS,RMB_THOUSAND,-1863477,SRC027,cb6f21537289a9c23ea0113602b3fc5e487a68437f8474f7473955abd8390b4c,16,"Cash paid to acquire fixed assets, intangible assets and other long-term assets (2,142,959) (1,863,477)",PDF_DIRECT
H2::SRC027::CURRENT::CF_ACQUISITION_CASH,CF_ACQUISITION_CASH,"Proceeds from acquisition of subsidiaries, net of cash acquired",2026Q1,2026Q1,CURRENT,GROUP_CONSOLIDATED,CAS,RMB_THOUSAND,-385791,SRC027,cb6f21537289a9c23ea0113602b3fc5e487a68437f8474f7473955abd8390b4c,16,"Proceeds from acquisition of subsidiaries, net of cash acquired (385,791) (4,386,072)",PDF_DIRECT
H2::SRC027::COMPARATIVE::CF_ACQUISITION_CASH,CF_ACQUISITION_CASH,"Proceeds from acquisition of subsidiaries, net of cash acquired",2025Q1,2026Q1,COMPARATIVE,GROUP_CONSOLIDATED,CAS,RMB_THOUSAND,-4386072,SRC027,cb6f21537289a9c23ea0113602b3fc5e487a68437f8474f7473955abd8390b4c,16,"Proceeds from acquisition of subsidiaries, net of cash acquired (385,791) (4,386,072)",PDF_DIRECT
H2::SRC027::CURRENT::CF_INVESTING_CASH_FLOW,CF_INVESTING_CASH_FLOW,Net cash flows from investing activities,2026Q1,2026Q1,CURRENT,GROUP_CONSOLIDATED,CAS,RMB_THOUSAND,5130820,SRC027,cb6f21537289a9c23ea0113602b3fc5e487a68437f8474f7473955abd8390b4c,16,"Net cash flows from investing activities 5,130,820 (23,216,673)",PDF_DIRECT
H2::SRC027::COMPARATIVE::CF_INVESTING_CASH_FLOW,CF_INVESTING_CASH_FLOW,Net cash flows from investing activities,2025Q1,2026Q1,COMPARATIVE,GROUP_CONSOLIDATED,CAS,RMB_THOUSAND,-23216673,SRC027,cb6f21537289a9c23ea0113602b3fc5e487a68437f8474f7473955abd8390b4c,16,"Net cash flows from investing activities 5,130,820 (23,216,673)",PDF_DIRECT
H2::SRC027::CURRENT::CF_FINANCING_CASH_FLOW,CF_FINANCING_CASH_FLOW,Net cash flows from financing activities,2026Q1,2026Q1,CURRENT,GROUP_CONSOLIDATED,CAS,RMB_THOUSAND,-11683629,SRC027,cb6f21537289a9c23ea0113602b3fc5e487a68437f8474f7473955abd8390b4c,17,"Net cash flows from financing activities (11,683,629) 7,333,433",PDF_DIRECT
H2::SRC027::COMPARATIVE::CF_FINANCING_CASH_FLOW,CF_FINANCING_CASH_FLOW,Net cash flows from financing activities,2025Q1,2026Q1,COMPARATIVE,GROUP_CONSOLIDATED,CAS,RMB_THOUSAND,7333433,SRC027,cb6f21537289a9c23ea0113602b3fc5e487a68437f8474f7473955abd8390b4c,17,"Net cash flows from financing activities (11,683,629) 7,333,433",PDF_DIRECT
H2::SRC027::CURRENT::CF_CASH_MOVEMENT,CF_CASH_MOVEMENT,V. Net increase in cash and cash equivalents,2026Q1,2026Q1,CURRENT,GROUP_CONSOLIDATED,CAS,RMB_THOUSAND,7744346,SRC027,cb6f21537289a9c23ea0113602b3fc5e487a68437f8474f7473955abd8390b4c,17,"V. Net increase in cash and cash equivalents 7,744,346 (1,467,452)",PDF_DIRECT
H2::SRC027::COMPARATIVE::CF_CASH_MOVEMENT,CF_CASH_MOVEMENT,V. Net increase in cash and cash equivalents,2025Q1,2026Q1,COMPARATIVE,GROUP_CONSOLIDATED,CAS,RMB_THOUSAND,-1467452,SRC027,cb6f21537289a9c23ea0113602b3fc5e487a68437f8474f7473955abd8390b4c,17,"V. Net increase in cash and cash equivalents 7,744,346 (1,467,452)",PDF_DIRECT
H2::SRC027::CURRENT::BS_CASH_EQUIVALENTS,BS_CASH_EQUIVALENTS,VI. Cash and cash equivalents at the end of the period,2026-03-31,2026Q1,CURRENT,GROUP_CONSOLIDATED,CAS,RMB_THOUSAND,76253016,SRC027,cb6f21537289a9c23ea0113602b3fc5e487a68437f8474f7473955abd8390b4c,17,"VI. Cash and cash equivalents at the end of the period 76,253,016 53,651,276",PDF_DIRECT
H2::SRC027::COMPARATIVE::BS_CASH_EQUIVALENTS,BS_CASH_EQUIVALENTS,VI. Cash and cash equivalents at the end of the period,2025-12-31,2026Q1,COMPARATIVE,GROUP_CONSOLIDATED,CAS,RMB_THOUSAND,53651276,SRC027,cb6f21537289a9c23ea0113602b3fc5e487a68437f8474f7473955abd8390b4c,17,"VI. Cash and cash equivalents at the end of the period 76,253,016 53,651,276",PDF_DIRECT
