Identity_ID,Formula_Type,Component_Metric_ID,Coefficient,Required_Basis,Required_Scope,Applicable_Years,Tolerance_Policy
ASSETS_LIABILITIES_EQUITY,SIGNED_SUM_EQUALS_ZERO,BS_TOTAL_ASSETS,1,CAS,GROUP_CONSOLIDATED,2020|2021|2022|2023|2024|2025,ABSOLUTE_RMB_MILLION_0.001
ASSETS_LIABILITIES_EQUITY,SIGNED_SUM_EQUALS_ZERO,BS_TOTAL_LIABILITIES,-1,CAS,GROUP_CONSOLIDATED,2020|2021|2022|2023|2024|2025,ABSOLUTE_RMB_MILLION_0.001
ASSETS_LIABILITIES_EQUITY,SIGNED_SUM_EQUALS_ZERO,BS_TOTAL_EQUITY,-1,CAS,GROUP_CONSOLIDATED,2020|2021|2022|2023|2024|2025,ABSOLUTE_RMB_MILLION_0.001
EQUITY_PARENT_NCI,SIGNED_SUM_EQUALS_ZERO,BS_TOTAL_EQUITY,1,CAS,GROUP_CONSOLIDATED,2020|2021|2022|2023|2024|2025,ABSOLUTE_RMB_MILLION_0.001
EQUITY_PARENT_NCI,SIGNED_SUM_EQUALS_ZERO,BS_PARENT_EQUITY,-1,CAS,GROUP_CONSOLIDATED,2020|2021|2022|2023|2024|2025,ABSOLUTE_RMB_MILLION_0.001
EQUITY_PARENT_NCI,SIGNED_SUM_EQUALS_ZERO,BS_NCI,-1,CAS,GROUP_CONSOLIDATED,2020|2021|2022|2023|2024|2025,ABSOLUTE_RMB_MILLION_0.001
NET_PROFIT_ATTR_NCI,SIGNED_SUM_EQUALS_ZERO,IS_NET_PROFIT,1,CAS,GROUP_CONSOLIDATED,2020|2021|2022|2023|2024|2025,ABSOLUTE_RMB_MILLION_0.001
NET_PROFIT_ATTR_NCI,SIGNED_SUM_EQUALS_ZERO,IS_ATTRIBUTABLE_NI,-1,CAS,GROUP_CONSOLIDATED,2020|2021|2022|2023|2024|2025,ABSOLUTE_RMB_MILLION_0.001
NET_PROFIT_ATTR_NCI,SIGNED_SUM_EQUALS_ZERO,IS_NCI_PROFIT,-1,CAS,GROUP_CONSOLIDATED,2020|2021|2022|2023|2024|2025,ABSOLUTE_RMB_MILLION_0.001
