Source_ID,Publisher,Document_or_API,Archived_File_Path,Archived_File_SHA256,Original_URL,Publication_Date,Observation_Date,Access_Date,Metric,Raw_Value,Raw_Unit,Transformation,Final_Value,Final_Unit,Model_or_Valuation,Allowed_Use,Information_Cutoff_Status,Valuation_Date_Status,Status,Distribution_Status,Distribution_Note
R3-SRC-ERP,Aswath Damodaran / NYU Stern,Country risk premium July 2026 workbook,data/sources/valuation/DAMODARAN_CTRYPREM_JULY_1_2026.xlsx,8d7237c432bca23cd680f149395aa518a465d0b77bec1fdf788edc7a1748c60a,https://pages.stern.nyu.edu/~adamodar/pc/datasets/ctrypremJuly26.xlsx,2026-07-01,2026-06-30,2026-09-13,China rating-based total ERP,0.05072785839763368,DECIMAL,China row / rating-based total ERP,0.05072786,DECIMAL,VALUATION,WACC_ONLY,PASS,PASS,PASS,INCLUDED_PUBLIC_REPOSITORY,Public processed or official methodological source; hash verified.
R3-SRC-RF,ChinaBond / CCDC,Pinned valuation-date yield observations,data/sources/valuation/CHINABOND_YIELD_OBSERVATIONS_2026-09-11.json,6b0c3c24ea60d528acea587116bd583c77263f8a709d9abbeaae8b9a85fff520,https://yield.chinabond.com.cn/cbweb-pbc-web/pbc/more?locale=en_US,2026-09-11,2026-09-11,2026-09-13,RMB risk-free rate,0.01689900,DECIMAL,none,0.01689900,DECIMAL,VALUATION,WACC_ONLY,PASS,PASS,PASS,INCLUDED_PUBLIC_REPOSITORY,Public processed or official methodological source; hash verified.
R3-SRC-KD,ChinaBond / CCDC,Pinned valuation-date yield observations,data/sources/valuation/CHINABOND_YIELD_OBSERVATIONS_2026-09-11.json,6b0c3c24ea60d528acea587116bd583c77263f8a709d9abbeaae8b9a85fff520,https://yield.chinabond.com.cn/cbweb-pbc-web/pbc/more?locale=en_US,2026-09-11,2026-09-11,2026-09-13,Pre-tax marginal cost of debt,0.01729200,DECIMAL,none,0.01729200,DECIMAL,VALUATION,WACC_ONLY,PASS,PASS,PASS,INCLUDED_PUBLIC_REPOSITORY,Public processed or official methodological source; hash verified.
R3-SRC-PRICE,Yahoo Finance chart endpoint,Pinned Midea price and beta series,EXTERNAL_REFERENCE,b7104db79a5d463319a66012725785bb5d6c289ca106aa9ef4d5744393bbe867,https://query1.finance.yahoo.com/v8/finance/chart/000333.SZ,2026-09-11,2026-09-11,2026-09-13,Midea share price,86.26000000,CNY_PER_SHARE,none,86.26000000,CNY_PER_SHARE,VALUATION,MARKET_PRICE_AND_BETA,PASS,PASS,PASS,PRIVATE_REPRODUCTION_ARCHIVE,Original archived privately; public registry preserves SHA256 and source URL. Original path: sources/valuation/000333_SZ_5Y_MONTHLY.json
R3-SRC-BETA-MKT,Yahoo Finance chart endpoint,Pinned market-index beta series,EXTERNAL_REFERENCE,760941cef12327da63789fcf45bda33e58dc2adc1558235e88d886c318091d6b,https://query1.finance.yahoo.com/v8/finance/chart/000001.SS,2026-09-11,2021-09_TO_2026-09,2026-09-13,Shanghai Composite monthly adjusted closes,60,PAIRED_RETURNS,monthly simple returns,0.78548427,BETA,VALUATION,BETA_ONLY,PASS,PASS,PASS,PRIVATE_REPRODUCTION_ARCHIVE,Original archived privately; public registry preserves SHA256 and source URL. Original path: sources/valuation/SHANGHAI_COMPOSITE_5Y_MONTHLY.json
R3-SRC-DEBT-Q1,Midea Group,Certified 2026 Q1 actual facts,data/processed/H2_2026Q1_ACTUAL_FACTS.csv,1bd7fd61ed298baa997042656461a6fb07386a3978b405bd3a29b54408175b13,PACKAGE_LOCAL_CERTIFIED_SOURCE,2026-04-30,2026-03-31,2026-09-13,Latest certified actual debt,53128.225,RMB_MILLION,sum authorized interest-bearing debt lines,53128.22500000,RMB_MILLION,VALUATION,CAPITAL_STRUCTURE,PASS,PASS,PASS,INCLUDED_PUBLIC_REPOSITORY,Public processed or official methodological source; hash verified.
R3-SRC-DEBT-CB,Midea Group,Convertible bond completion announcement,EXTERNAL_REFERENCE,5062273901012d07b0cbf9aeab5be11d734bf65dbc1bb4ef67ca6e7ade01d6db,PACKAGE_LOCAL_PRIMARY_PDF,2026-05-13,2026-05-13,2026-09-13,Convertible bond initial carrying amount,15386.85187407,RMB_MILLION,certified liability-component schedule,15386.85187407,RMB_MILLION,VALUATION,CAPITAL_STRUCTURE,PASS,PASS,PASS,PRIVATE_REPRODUCTION_ARCHIVE,Original archived privately; public registry preserves SHA256 and source URL. Original path: sources/valuation/Midea_2026_CB_Completion_2026-05-13.pdf
R3-SRC-SHARES,Midea Group / G25,G25 audited accounting population,EXTERNAL_REFERENCE,f8809ebbe1925ec897cdb25bb749a487da1956b5159751af27c838eaa916e44b,PACKAGE_LOCAL_CERTIFIED_AUTHORITY,2026-08-20,2026-08-20,2026-09-13,EPS/accounting share population,7402513660.00000000,SHARES,"/1,000,000",7402.51366000,MILLION_SHARES,MODEL_AND_VALUATION,EPS_AND_PER_SHARE,PASS,PASS,PASS,PRIVATE_REPRODUCTION_ARCHIVE,Original archived privately; public registry preserves SHA256 and source URL. Original path: model/H3B_ATTEMPT005_FINAL_GATE.json
R3-SRC-NOTES-REC,Midea Group,2025 Annual Report CAS Chinese,EXTERNAL_REFERENCE,c413ed1b993290ec98b254af4bf6ad69edb5a2230bbaec1b15702119b24d4f5c,PACKAGE_LOCAL_PRIMARY_PDF,2026-03-31,2025-12-31,2026-09-13,Notes receivable,5246.763,RMB_MILLION,"2025 CAS note 4: ordinary sales/service bank and commercial acceptance bills, net of loss allowance",5246.76300000,RMB_MILLION,MODEL_AND_VALUATION,ECONOMIC_NWC,PASS,PASS,PASS,PRIVATE_REPRODUCTION_ARCHIVE,Original archived privately; public registry preserves SHA256 and source URL. Original path: sources/operating/annual_reports/2025/Midea_2025_Annual_Report_CAS_CN.pdf
R3-SRC-REC-FIN,Midea Group,2025 Annual Report CAS Chinese,EXTERNAL_REFERENCE,c413ed1b993290ec98b254af4bf6ad69edb5a2230bbaec1b15702119b24d4f5c,PACKAGE_LOCAL_PRIMARY_PDF,2026-03-31,2025-12-31,2026-09-13,Receivables financing,14935.344,RMB_MILLION,2025 CAS note: trade receivables and bank acceptance bills managed by transfer/discount/endorsement,14935.34400000,RMB_MILLION,MODEL_AND_VALUATION,ECONOMIC_NWC,PASS,PASS,PASS,PRIVATE_REPRODUCTION_ARCHIVE,Original archived privately; public registry preserves SHA256 and source URL. Original path: sources/operating/annual_reports/2025/Midea_2025_Annual_Report_CAS_CN.pdf
R3-SRC-OCA-OPERATING,Midea Group,2025 Annual Report CAS Chinese,EXTERNAL_REFERENCE,c413ed1b993290ec98b254af4bf6ad69edb5a2230bbaec1b15702119b24d4f5c,PACKAGE_LOCAL_PRIMARY_PDF,2026-03-31,2025-12-31,2026-09-13,Other current assets operating portion,25376.475,RMB_MILLION,Deduct fixed-income treasury products 1427.134 and hedge/margin 3201.395,20747.94600000,RMB_MILLION,MODEL_AND_VALUATION,ECONOMIC_NWC,PASS,PASS,PASS,PRIVATE_REPRODUCTION_ARCHIVE,Original archived privately; public registry preserves SHA256 and source URL. Original path: sources/operating/annual_reports/2025/Midea_2025_Annual_Report_CAS_CN.pdf
R3-SRC-CPNCA-TREASURY,Midea Group,2025 Annual Report CAS Chinese,EXTERNAL_REFERENCE,c413ed1b993290ec98b254af4bf6ad69edb5a2230bbaec1b15702119b24d4f5c,PACKAGE_LOCAL_PRIMARY_PDF,2026-03-31,2025-12-31,2026-09-13,Current treasury products,155618.201,RMB_MILLION,Deduct current long-term receivable 255.673,155362.52800000,RMB_MILLION,MODEL_AND_VALUATION,EV_TO_EQUITY_BRIDGE,PASS,PASS,PASS,PRIVATE_REPRODUCTION_ARCHIVE,Original archived privately; public registry preserves SHA256 and source URL. Original path: sources/operating/annual_reports/2025/Midea_2025_Annual_Report_CAS_CN.pdf
R3-SRC-TAX-OPERATING,Midea Group,2025 Annual Report CAS Chinese,EXTERNAL_REFERENCE,c413ed1b993290ec98b254af4bf6ad69edb5a2230bbaec1b15702119b24d4f5c,PACKAGE_LOCAL_PRIMARY_PDF,2026-03-31,2025-12-31,2026-09-13,Other taxes payable,7164.093,RMB_MILLION,Deduct current income-tax payable 4485.221,2678.87200000,RMB_MILLION,MODEL_AND_VALUATION,ECONOMIC_NWC,PASS,PASS,PASS,PRIVATE_REPRODUCTION_ARCHIVE,Original archived privately; public registry preserves SHA256 and source URL. Original path: sources/operating/annual_reports/2025/Midea_2025_Annual_Report_CAS_CN.pdf
R3-SRC-OCL-OPERATING,Midea Group,2025 Annual Report CAS Chinese,EXTERNAL_REFERENCE,c413ed1b993290ec98b254af4bf6ad69edb5a2230bbaec1b15702119b24d4f5c,PACKAGE_LOCAL_PRIMARY_PDF,2026-03-31,2025-12-31,2026-09-13,Other current liabilities operating portion,92537.419,RMB_MILLION,Deduct hedge liability 21.480,92515.93900000,RMB_MILLION,MODEL_AND_VALUATION,ECONOMIC_NWC,PASS,PASS,PASS,PRIVATE_REPRODUCTION_ARCHIVE,Original archived privately; public registry preserves SHA256 and source URL. Original path: sources/operating/annual_reports/2025/Midea_2025_Annual_Report_CAS_CN.pdf
R3-SRC-TRADING-LIAB,Midea Group,2025 Annual Report CAS Chinese,EXTERNAL_REFERENCE,c413ed1b993290ec98b254af4bf6ad69edb5a2230bbaec1b15702119b24d4f5c,PACKAGE_LOCAL_PRIMARY_PDF,2026-03-31,2025-12-31,2026-09-13,Trading financial liability,706.439,RMB_MILLION,Fund-investor liability; financing classification,706.43900000,RMB_MILLION,MODEL_AND_VALUATION,EV_TO_EQUITY_BRIDGE,PASS,PASS,PASS,PRIVATE_REPRODUCTION_ARCHIVE,Original archived privately; public registry preserves SHA256 and source URL. Original path: sources/operating/annual_reports/2025/Midea_2025_Annual_Report_CAS_CN.pdf
R3-SRC-MIDEA-LTM-01,Midea Group,Certified 2025 annual and 2026 Q1 facts,data/processed/H2_2026Q1_ACTUAL_FACTS.csv,1bd7fd61ed298baa997042656461a6fb07386a3978b405bd3a29b54408175b13,PACKAGE_LOCAL_CERTIFIED_SOURCE,2026-04-30,2026-03-31,2026-09-13,Midea comparable Revenue,2025A - 2025Q1 + 2026Q1,RMB_MILLION,2025A - 2025Q1 + 2026Q1,459711.79400000,RMB_MILLION,VALUATION,H6_PERIOD_ALIGNED_COMPS,PASS,PASS,PASS,INCLUDED_PUBLIC_REPOSITORY,Public processed or official methodological source; hash verified.
R3-SRC-MIDEA-LTM-02,Midea Group,Certified 2025 annual and 2026 Q1 facts,data/processed/H2_2026Q1_ACTUAL_FACTS.csv,1bd7fd61ed298baa997042656461a6fb07386a3978b405bd3a29b54408175b13,PACKAGE_LOCAL_CERTIFIED_SOURCE,2026-04-30,2026-03-31,2026-09-13,Midea comparable EBIT,2025A operating profit - 2025Q1 + 2026Q1,RMB_MILLION,2025A operating profit - 2025Q1 + 2026Q1,52911.06900000,RMB_MILLION,VALUATION,H6_PERIOD_ALIGNED_COMPS,PASS,PASS,PASS,INCLUDED_PUBLIC_REPOSITORY,Public processed or official methodological source; hash verified.
R3-SRC-MIDEA-LTM-03,Midea Group,Certified 2025 annual and 2026 Q1 facts,data/processed/H2_2026Q1_ACTUAL_FACTS.csv,1bd7fd61ed298baa997042656461a6fb07386a3978b405bd3a29b54408175b13,PACKAGE_LOCAL_CERTIFIED_SOURCE,2026-04-30,2026-03-31,2026-09-13,Midea comparable EBITDA,No compatible Q1 D&A source; excluded,RMB_MILLION,No compatible Q1 D&A source; excluded,,RMB_MILLION,VALUATION,H6_PERIOD_ALIGNED_COMPS,PASS,PASS,EXCLUDED,INCLUDED_PUBLIC_REPOSITORY,Public processed or official methodological source; hash verified.
R3-SRC-MIDEA-LTM-04,Midea Group,Certified 2025 annual and 2026 Q1 facts,data/processed/H2_2026Q1_ACTUAL_FACTS.csv,1bd7fd61ed298baa997042656461a6fb07386a3978b405bd3a29b54408175b13,PACKAGE_LOCAL_CERTIFIED_SOURCE,2026-04-30,2026-03-31,2026-09-13,Midea comparable Attributable_NI,2025A - 2025Q1 + 2026Q1,RMB_MILLION,2025A - 2025Q1 + 2026Q1,44197.73400000,RMB_MILLION,VALUATION,H6_PERIOD_ALIGNED_COMPS,PASS,PASS,PASS,INCLUDED_PUBLIC_REPOSITORY,Public processed or official methodological source; hash verified.
R3-SRC-MIDEA-LTM-05,Midea Group,Certified 2025 annual and 2026 Q1 facts,data/processed/H2_2026Q1_ACTUAL_FACTS.csv,1bd7fd61ed298baa997042656461a6fb07386a3978b405bd3a29b54408175b13,PACKAGE_LOCAL_CERTIFIED_SOURCE,2026-04-30,2026-03-31,2026-09-13,Midea comparable Book_Equity,Certified 2026Q1 parent equity,RMB_MILLION,Certified 2026Q1 parent equity,232307.70600000,RMB_MILLION,VALUATION,H6_PERIOD_ALIGNED_COMPS,PASS,PASS,PASS,INCLUDED_PUBLIC_REPOSITORY,Public processed or official methodological source; hash verified.
R3-SRC-CASH-2020-REVENUE,Midea Group,Certified H1 historical matrix,data/processed/H1_HISTORICAL_STATEMENT_MATRIX.csv,9c07c4fe4c6100a29f975017d5831241003f47bd9eeaf1807493b82d407350c3,PACKAGE_LOCAL_CERTIFIED_SOURCE,2026-03-31,2020,2026-09-13,Operating cash reserve Revenue,284221.24900000,RMB_MILLION,cash/revenue ratio,284221.24900000,RMB_MILLION,VALUATION,EV_TO_EQUITY_CASH_CLASSIFICATION,PASS,PASS,PASS,INCLUDED_PUBLIC_REPOSITORY,Public processed or official methodological source; hash verified.
R3-SRC-CASH-2020-CASH_EQUIVALENTS,Midea Group,Certified H1 historical matrix,data/processed/H1_HISTORICAL_STATEMENT_MATRIX.csv,9c07c4fe4c6100a29f975017d5831241003f47bd9eeaf1807493b82d407350c3,PACKAGE_LOCAL_CERTIFIED_SOURCE,2026-03-31,2020,2026-09-13,Operating cash reserve Cash_Equivalents,23548.50800000,RMB_MILLION,cash/revenue ratio,23548.50800000,RMB_MILLION,VALUATION,EV_TO_EQUITY_CASH_CLASSIFICATION,PASS,PASS,PASS,INCLUDED_PUBLIC_REPOSITORY,Public processed or official methodological source; hash verified.
R3-SRC-CASH-2021-REVENUE,Midea Group,Certified H1 historical matrix,data/processed/H1_HISTORICAL_STATEMENT_MATRIX.csv,9c07c4fe4c6100a29f975017d5831241003f47bd9eeaf1807493b82d407350c3,PACKAGE_LOCAL_CERTIFIED_SOURCE,2026-03-31,2021,2026-09-13,Operating cash reserve Revenue,341233.20800000,RMB_MILLION,cash/revenue ratio,341233.20800000,RMB_MILLION,VALUATION,EV_TO_EQUITY_CASH_CLASSIFICATION,PASS,PASS,PASS,INCLUDED_PUBLIC_REPOSITORY,Public processed or official methodological source; hash verified.
R3-SRC-CASH-2021-CASH_EQUIVALENTS,Midea Group,Certified H1 historical matrix,data/processed/H1_HISTORICAL_STATEMENT_MATRIX.csv,9c07c4fe4c6100a29f975017d5831241003f47bd9eeaf1807493b82d407350c3,PACKAGE_LOCAL_CERTIFIED_SOURCE,2026-03-31,2021,2026-09-13,Operating cash reserve Cash_Equivalents,40550.03900000,RMB_MILLION,cash/revenue ratio,40550.03900000,RMB_MILLION,VALUATION,EV_TO_EQUITY_CASH_CLASSIFICATION,PASS,PASS,PASS,INCLUDED_PUBLIC_REPOSITORY,Public processed or official methodological source; hash verified.
R3-SRC-CASH-2022-REVENUE,Midea Group,Certified H1 historical matrix,data/processed/H1_HISTORICAL_STATEMENT_MATRIX.csv,9c07c4fe4c6100a29f975017d5831241003f47bd9eeaf1807493b82d407350c3,PACKAGE_LOCAL_CERTIFIED_SOURCE,2026-03-31,2022,2026-09-13,Operating cash reserve Revenue,343917.53100000,RMB_MILLION,cash/revenue ratio,343917.53100000,RMB_MILLION,VALUATION,EV_TO_EQUITY_CASH_CLASSIFICATION,PASS,PASS,PASS,INCLUDED_PUBLIC_REPOSITORY,Public processed or official methodological source; hash verified.
R3-SRC-CASH-2022-CASH_EQUIVALENTS,Midea Group,Certified H1 historical matrix,data/processed/H1_HISTORICAL_STATEMENT_MATRIX.csv,9c07c4fe4c6100a29f975017d5831241003f47bd9eeaf1807493b82d407350c3,PACKAGE_LOCAL_CERTIFIED_SOURCE,2026-03-31,2022,2026-09-13,Operating cash reserve Cash_Equivalents,51131.96800000,RMB_MILLION,cash/revenue ratio,51131.96800000,RMB_MILLION,VALUATION,EV_TO_EQUITY_CASH_CLASSIFICATION,PASS,PASS,PASS,INCLUDED_PUBLIC_REPOSITORY,Public processed or official methodological source; hash verified.
R3-SRC-CASH-2023-REVENUE,Midea Group,Certified H1 historical matrix,data/processed/H1_HISTORICAL_STATEMENT_MATRIX.csv,9c07c4fe4c6100a29f975017d5831241003f47bd9eeaf1807493b82d407350c3,PACKAGE_LOCAL_CERTIFIED_SOURCE,2026-03-31,2023,2026-09-13,Operating cash reserve Revenue,372037.28000000,RMB_MILLION,cash/revenue ratio,372037.28000000,RMB_MILLION,VALUATION,EV_TO_EQUITY_CASH_CLASSIFICATION,PASS,PASS,PASS,INCLUDED_PUBLIC_REPOSITORY,Public processed or official methodological source; hash verified.
R3-SRC-CASH-2023-CASH_EQUIVALENTS,Midea Group,Certified H1 historical matrix,data/processed/H1_HISTORICAL_STATEMENT_MATRIX.csv,9c07c4fe4c6100a29f975017d5831241003f47bd9eeaf1807493b82d407350c3,PACKAGE_LOCAL_CERTIFIED_SOURCE,2026-03-31,2023,2026-09-13,Operating cash reserve Cash_Equivalents,59887.26000000,RMB_MILLION,cash/revenue ratio,59887.26000000,RMB_MILLION,VALUATION,EV_TO_EQUITY_CASH_CLASSIFICATION,PASS,PASS,PASS,INCLUDED_PUBLIC_REPOSITORY,Public processed or official methodological source; hash verified.
R3-SRC-CASH-2024-REVENUE,Midea Group,Certified H1 historical matrix,data/processed/H1_HISTORICAL_STATEMENT_MATRIX.csv,9c07c4fe4c6100a29f975017d5831241003f47bd9eeaf1807493b82d407350c3,PACKAGE_LOCAL_CERTIFIED_SOURCE,2026-03-31,2024,2026-09-13,Operating cash reserve Revenue,407149.60000000,RMB_MILLION,cash/revenue ratio,407149.60000000,RMB_MILLION,VALUATION,EV_TO_EQUITY_CASH_CLASSIFICATION,PASS,PASS,PASS,INCLUDED_PUBLIC_REPOSITORY,Public processed or official methodological source; hash verified.
R3-SRC-CASH-2024-CASH_EQUIVALENTS,Midea Group,Certified H1 historical matrix,data/processed/H1_HISTORICAL_STATEMENT_MATRIX.csv,9c07c4fe4c6100a29f975017d5831241003f47bd9eeaf1807493b82d407350c3,PACKAGE_LOCAL_CERTIFIED_SOURCE,2026-03-31,2024,2026-09-13,Operating cash reserve Cash_Equivalents,55118.72800000,RMB_MILLION,cash/revenue ratio,55118.72800000,RMB_MILLION,VALUATION,EV_TO_EQUITY_CASH_CLASSIFICATION,PASS,PASS,PASS,INCLUDED_PUBLIC_REPOSITORY,Public processed or official methodological source; hash verified.
R3-SRC-CASH-2025-REVENUE,Midea Group,Certified H1 historical matrix,data/processed/H1_HISTORICAL_STATEMENT_MATRIX.csv,9c07c4fe4c6100a29f975017d5831241003f47bd9eeaf1807493b82d407350c3,PACKAGE_LOCAL_CERTIFIED_SOURCE,2026-03-31,2025,2026-09-13,Operating cash reserve Revenue,456451.73100000,RMB_MILLION,cash/revenue ratio,456451.73100000,RMB_MILLION,VALUATION,EV_TO_EQUITY_CASH_CLASSIFICATION,PASS,PASS,PASS,INCLUDED_PUBLIC_REPOSITORY,Public processed or official methodological source; hash verified.
R3-SRC-CASH-2025-CASH_EQUIVALENTS,Midea Group,Certified H1 historical matrix,data/processed/H1_HISTORICAL_STATEMENT_MATRIX.csv,9c07c4fe4c6100a29f975017d5831241003f47bd9eeaf1807493b82d407350c3,PACKAGE_LOCAL_CERTIFIED_SOURCE,2026-03-31,2025,2026-09-13,Operating cash reserve Cash_Equivalents,68508.67000000,RMB_MILLION,cash/revenue ratio,68508.67000000,RMB_MILLION,VALUATION,EV_TO_EQUITY_CASH_CLASSIFICATION,PASS,PASS,PASS,INCLUDED_PUBLIC_REPOSITORY,Public processed or official methodological source; hash verified.
R3-SRC-GREE-PRICE,Yahoo Finance chart endpoint,Pinned peer price payload,EXTERNAL_REFERENCE,870a840db96555c6b8c1dfbd485dcd1d5b37d34a776a28d5b45b1c88e7a091e9,https://query1.finance.yahoo.com/v8/finance/chart/000651.SZ,2026-09-11,2026-09-11,2026-09-13,GREE share price,38.74000168,CNY_PER_SHARE,none,38.74000168,CNY_PER_SHARE,VALUATION,H6_PEER_MARKET_DATA,PASS,PASS,PASS,PRIVATE_REPRODUCTION_ARCHIVE,Original archived privately; public registry preserves SHA256 and source URL. Original path: sources/valuation/GREE_price.json
R3-SRC-GREE-SHARES,Yahoo Finance fundamentals-timeseries endpoint,Pinned peer fundamental payload,EXTERNAL_REFERENCE,1310a25da79804da628b6923deed4891acdc51095b427cac49a95442f4ba5b44,https://query2.finance.yahoo.com/ws/fundamentals-timeseries/v1/finance/timeseries/000651.SZ,2026-09-11,LATEST_AVAILABLE_TO_2026-06-30,2026-09-13,GREE Shares,5601405741.00000000,CNY,source-native; same-currency ratio,5601405741.00000000,CNY,VALUATION,H6_PEER_MULTIPLE,PASS,PASS,PASS,PRIVATE_REPRODUCTION_ARCHIVE,Original archived privately; public registry preserves SHA256 and source URL. Original path: sources/valuation/GREE_fundamentals.json
R3-SRC-GREE-DEBT,Yahoo Finance fundamentals-timeseries endpoint,Pinned peer fundamental payload,EXTERNAL_REFERENCE,1310a25da79804da628b6923deed4891acdc51095b427cac49a95442f4ba5b44,https://query2.finance.yahoo.com/ws/fundamentals-timeseries/v1/finance/timeseries/000651.SZ,2026-09-11,LATEST_AVAILABLE_TO_2026-06-30,2026-09-13,GREE Debt,83636823292.97000000,CNY,source-native; same-currency ratio,83636823292.97000000,CNY,VALUATION,H6_PEER_MULTIPLE,PASS,PASS,PASS,PRIVATE_REPRODUCTION_ARCHIVE,Original archived privately; public registry preserves SHA256 and source URL. Original path: sources/valuation/GREE_fundamentals.json
R3-SRC-GREE-CASH,Yahoo Finance fundamentals-timeseries endpoint,Pinned peer fundamental payload,EXTERNAL_REFERENCE,1310a25da79804da628b6923deed4891acdc51095b427cac49a95442f4ba5b44,https://query2.finance.yahoo.com/ws/fundamentals-timeseries/v1/finance/timeseries/000651.SZ,2026-09-11,LATEST_AVAILABLE_TO_2026-06-30,2026-09-13,GREE Cash,162666835090.81000000,CNY,source-native; same-currency ratio,162666835090.81000000,CNY,VALUATION,H6_PEER_MULTIPLE,PASS,PASS,PASS,PRIVATE_REPRODUCTION_ARCHIVE,Original archived privately; public registry preserves SHA256 and source URL. Original path: sources/valuation/GREE_fundamentals.json
R3-SRC-GREE-NCI,Yahoo Finance fundamentals-timeseries endpoint,Pinned peer fundamental payload,EXTERNAL_REFERENCE,1310a25da79804da628b6923deed4891acdc51095b427cac49a95442f4ba5b44,https://query2.finance.yahoo.com/ws/fundamentals-timeseries/v1/finance/timeseries/000651.SZ,2026-09-11,LATEST_AVAILABLE_TO_2026-06-30,2026-09-13,GREE NCI,3814487320.40000000,CNY,source-native; same-currency ratio,3814487320.40000000,CNY,VALUATION,H6_PEER_MULTIPLE,PASS,PASS,PASS,PRIVATE_REPRODUCTION_ARCHIVE,Original archived privately; public registry preserves SHA256 and source URL. Original path: sources/valuation/GREE_fundamentals.json
R3-SRC-GREE-REVENUE,Yahoo Finance fundamentals-timeseries endpoint,Pinned peer fundamental payload,EXTERNAL_REFERENCE,1310a25da79804da628b6923deed4891acdc51095b427cac49a95442f4ba5b44,https://query2.finance.yahoo.com/ws/fundamentals-timeseries/v1/finance/timeseries/000651.SZ,2026-09-11,LATEST_AVAILABLE_TO_2026-06-30,2026-09-13,GREE Revenue,163171733641.44000000,CNY,source-native; same-currency ratio,163171733641.44000000,CNY,VALUATION,H6_PEER_MULTIPLE,PASS,PASS,PASS,PRIVATE_REPRODUCTION_ARCHIVE,Original archived privately; public registry preserves SHA256 and source URL. Original path: sources/valuation/GREE_fundamentals.json
R3-SRC-GREE-EBITDA,Yahoo Finance fundamentals-timeseries endpoint,Pinned peer fundamental payload,EXTERNAL_REFERENCE,1310a25da79804da628b6923deed4891acdc51095b427cac49a95442f4ba5b44,https://query2.finance.yahoo.com/ws/fundamentals-timeseries/v1/finance/timeseries/000651.SZ,2026-09-11,LATEST_AVAILABLE_TO_2026-06-30,2026-09-13,GREE EBITDA,40399969518.38000000,CNY,source-native; same-currency ratio,40399969518.38000000,CNY,VALUATION,H6_PEER_MULTIPLE,PASS,PASS,PASS,PRIVATE_REPRODUCTION_ARCHIVE,Original archived privately; public registry preserves SHA256 and source URL. Original path: sources/valuation/GREE_fundamentals.json
R3-SRC-GREE-EBIT,Yahoo Finance fundamentals-timeseries endpoint,Pinned peer fundamental payload,EXTERNAL_REFERENCE,1310a25da79804da628b6923deed4891acdc51095b427cac49a95442f4ba5b44,https://query2.finance.yahoo.com/ws/fundamentals-timeseries/v1/finance/timeseries/000651.SZ,2026-09-11,LATEST_AVAILABLE_TO_2026-06-30,2026-09-13,GREE EBIT,35614353634.47000000,CNY,source-native; same-currency ratio,35614353634.47000000,CNY,VALUATION,H6_PEER_MULTIPLE,PASS,PASS,PASS,PRIVATE_REPRODUCTION_ARCHIVE,Original archived privately; public registry preserves SHA256 and source URL. Original path: sources/valuation/GREE_fundamentals.json
R3-SRC-GREE-EARNINGS,Yahoo Finance fundamentals-timeseries endpoint,Pinned peer fundamental payload,EXTERNAL_REFERENCE,1310a25da79804da628b6923deed4891acdc51095b427cac49a95442f4ba5b44,https://query2.finance.yahoo.com/ws/fundamentals-timeseries/v1/finance/timeseries/000651.SZ,2026-09-11,LATEST_AVAILABLE_TO_2026-06-30,2026-09-13,GREE Earnings,27868287180.39000000,CNY,source-native; same-currency ratio,27868287180.39000000,CNY,VALUATION,H6_PEER_MULTIPLE,PASS,PASS,PASS,PRIVATE_REPRODUCTION_ARCHIVE,Original archived privately; public registry preserves SHA256 and source URL. Original path: sources/valuation/GREE_fundamentals.json
R3-SRC-GREE-BOOK_EQUITY,Yahoo Finance fundamentals-timeseries endpoint,Pinned peer fundamental payload,EXTERNAL_REFERENCE,1310a25da79804da628b6923deed4891acdc51095b427cac49a95442f4ba5b44,https://query2.finance.yahoo.com/ws/fundamentals-timeseries/v1/finance/timeseries/000651.SZ,2026-09-11,LATEST_AVAILABLE_TO_2026-06-30,2026-09-13,GREE Book_Equity,148508076556.36000000,CNY,source-native; same-currency ratio,148508076556.36000000,CNY,VALUATION,H6_PEER_MULTIPLE,PASS,PASS,PASS,PRIVATE_REPRODUCTION_ARCHIVE,Original archived privately; public registry preserves SHA256 and source URL. Original path: sources/valuation/GREE_fundamentals.json
R3-SRC-HAIER_SMART_HOME-PRICE,Yahoo Finance chart endpoint,Pinned peer price payload,EXTERNAL_REFERENCE,6b7c97482a810111227ac02f9fe370f71e2cca90307a06a3857713d5a4df630b,https://query1.finance.yahoo.com/v8/finance/chart/600690.SS,2026-09-11,2026-09-11,2026-09-13,HAIER_SMART_HOME share price,21.01000023,CNY_PER_SHARE,none,21.01000023,CNY_PER_SHARE,VALUATION,H6_PEER_MARKET_DATA,PASS,PASS,PASS,PRIVATE_REPRODUCTION_ARCHIVE,Original archived privately; public registry preserves SHA256 and source URL. Original path: sources/valuation/HAIER_SMART_HOME_price.json
R3-SRC-HAIER_SMART_HOME-SHARES,Yahoo Finance fundamentals-timeseries endpoint,Pinned peer fundamental payload,EXTERNAL_REFERENCE,dc31208e26b001d618566485ae5fcbece167ae663186ef1a925ee1600bbf9353,https://query2.finance.yahoo.com/ws/fundamentals-timeseries/v1/finance/timeseries/600690.SS,2026-09-11,LATEST_AVAILABLE_TO_2026-06-30,2026-09-13,HAIER_SMART_HOME Shares,9377629650.00000000,CNY,source-native; same-currency ratio,9377629650.00000000,CNY,VALUATION,H6_PEER_MULTIPLE,PASS,PASS,PASS,PRIVATE_REPRODUCTION_ARCHIVE,Original archived privately; public registry preserves SHA256 and source URL. Original path: sources/valuation/HAIER_SMART_HOME_fundamentals.json
R3-SRC-HAIER_SMART_HOME-DEBT,Yahoo Finance fundamentals-timeseries endpoint,Pinned peer fundamental payload,EXTERNAL_REFERENCE,dc31208e26b001d618566485ae5fcbece167ae663186ef1a925ee1600bbf9353,https://query2.finance.yahoo.com/ws/fundamentals-timeseries/v1/finance/timeseries/600690.SS,2026-09-11,LATEST_AVAILABLE_TO_2026-06-30,2026-09-13,HAIER_SMART_HOME Debt,47048142623.45000000,CNY,source-native; same-currency ratio,47048142623.45000000,CNY,VALUATION,H6_PEER_MULTIPLE,PASS,PASS,PASS,PRIVATE_REPRODUCTION_ARCHIVE,Original archived privately; public registry preserves SHA256 and source URL. Original path: sources/valuation/HAIER_SMART_HOME_fundamentals.json
R3-SRC-HAIER_SMART_HOME-CASH,Yahoo Finance fundamentals-timeseries endpoint,Pinned peer fundamental payload,EXTERNAL_REFERENCE,dc31208e26b001d618566485ae5fcbece167ae663186ef1a925ee1600bbf9353,https://query2.finance.yahoo.com/ws/fundamentals-timeseries/v1/finance/timeseries/600690.SS,2026-09-11,LATEST_AVAILABLE_TO_2026-06-30,2026-09-13,HAIER_SMART_HOME Cash,58608784315.82000000,CNY,source-native; same-currency ratio,58608784315.82000000,CNY,VALUATION,H6_PEER_MULTIPLE,PASS,PASS,PASS,PRIVATE_REPRODUCTION_ARCHIVE,Original archived privately; public registry preserves SHA256 and source URL. Original path: sources/valuation/HAIER_SMART_HOME_fundamentals.json
R3-SRC-HAIER_SMART_HOME-NCI,Yahoo Finance fundamentals-timeseries endpoint,Pinned peer fundamental payload,EXTERNAL_REFERENCE,dc31208e26b001d618566485ae5fcbece167ae663186ef1a925ee1600bbf9353,https://query2.finance.yahoo.com/ws/fundamentals-timeseries/v1/finance/timeseries/600690.SS,2026-09-11,LATEST_AVAILABLE_TO_2026-06-30,2026-09-13,HAIER_SMART_HOME NCI,9697133261.41000000,CNY,source-native; same-currency ratio,9697133261.41000000,CNY,VALUATION,H6_PEER_MULTIPLE,PASS,PASS,PASS,PRIVATE_REPRODUCTION_ARCHIVE,Original archived privately; public registry preserves SHA256 and source URL. Original path: sources/valuation/HAIER_SMART_HOME_fundamentals.json
R3-SRC-HAIER_SMART_HOME-REVENUE,Yahoo Finance fundamentals-timeseries endpoint,Pinned peer fundamental payload,EXTERNAL_REFERENCE,dc31208e26b001d618566485ae5fcbece167ae663186ef1a925ee1600bbf9353,https://query2.finance.yahoo.com/ws/fundamentals-timeseries/v1/finance/timeseries/600690.SS,2026-09-11,LATEST_AVAILABLE_TO_2026-06-30,2026-09-13,HAIER_SMART_HOME Revenue,297967799707.08000000,CNY,source-native; same-currency ratio,297967799707.08000000,CNY,VALUATION,H6_PEER_MULTIPLE,PASS,PASS,PASS,PRIVATE_REPRODUCTION_ARCHIVE,Original archived privately; public registry preserves SHA256 and source URL. Original path: sources/valuation/HAIER_SMART_HOME_fundamentals.json
R3-SRC-HAIER_SMART_HOME-EBITDA,Yahoo Finance fundamentals-timeseries endpoint,Pinned peer fundamental payload,EXTERNAL_REFERENCE,dc31208e26b001d618566485ae5fcbece167ae663186ef1a925ee1600bbf9353,https://query2.finance.yahoo.com/ws/fundamentals-timeseries/v1/finance/timeseries/600690.SS,2026-09-11,LATEST_AVAILABLE_TO_2026-06-30,2026-09-13,HAIER_SMART_HOME EBITDA,32368000055.78000000,CNY,source-native; same-currency ratio,32368000055.78000000,CNY,VALUATION,H6_PEER_MULTIPLE,PASS,PASS,PASS,PRIVATE_REPRODUCTION_ARCHIVE,Original archived privately; public registry preserves SHA256 and source URL. Original path: sources/valuation/HAIER_SMART_HOME_fundamentals.json
R3-SRC-HAIER_SMART_HOME-EBIT,Yahoo Finance fundamentals-timeseries endpoint,Pinned peer fundamental payload,EXTERNAL_REFERENCE,dc31208e26b001d618566485ae5fcbece167ae663186ef1a925ee1600bbf9353,https://query2.finance.yahoo.com/ws/fundamentals-timeseries/v1/finance/timeseries/600690.SS,2026-09-11,LATEST_AVAILABLE_TO_2026-06-30,2026-09-13,HAIER_SMART_HOME EBIT,23750270639.54000000,CNY,source-native; same-currency ratio,23750270639.54000000,CNY,VALUATION,H6_PEER_MULTIPLE,PASS,PASS,PASS,PRIVATE_REPRODUCTION_ARCHIVE,Original archived privately; public registry preserves SHA256 and source URL. Original path: sources/valuation/HAIER_SMART_HOME_fundamentals.json
R3-SRC-HAIER_SMART_HOME-EARNINGS,Yahoo Finance fundamentals-timeseries endpoint,Pinned peer fundamental payload,EXTERNAL_REFERENCE,dc31208e26b001d618566485ae5fcbece167ae663186ef1a925ee1600bbf9353,https://query2.finance.yahoo.com/ws/fundamentals-timeseries/v1/finance/timeseries/600690.SS,2026-09-11,LATEST_AVAILABLE_TO_2026-06-30,2026-09-13,HAIER_SMART_HOME Earnings,17836057348.84000000,CNY,source-native; same-currency ratio,17836057348.84000000,CNY,VALUATION,H6_PEER_MULTIPLE,PASS,PASS,PASS,PRIVATE_REPRODUCTION_ARCHIVE,Original archived privately; public registry preserves SHA256 and source URL. Original path: sources/valuation/HAIER_SMART_HOME_fundamentals.json
R3-SRC-HAIER_SMART_HOME-BOOK_EQUITY,Yahoo Finance fundamentals-timeseries endpoint,Pinned peer fundamental payload,EXTERNAL_REFERENCE,dc31208e26b001d618566485ae5fcbece167ae663186ef1a925ee1600bbf9353,https://query2.finance.yahoo.com/ws/fundamentals-timeseries/v1/finance/timeseries/600690.SS,2026-09-11,LATEST_AVAILABLE_TO_2026-06-30,2026-09-13,HAIER_SMART_HOME Book_Equity,119678355042.24000000,CNY,source-native; same-currency ratio,119678355042.24000000,CNY,VALUATION,H6_PEER_MULTIPLE,PASS,PASS,PASS,PRIVATE_REPRODUCTION_ARCHIVE,Original archived privately; public registry preserves SHA256 and source URL. Original path: sources/valuation/HAIER_SMART_HOME_fundamentals.json
R3-SRC-HISENSE_HOME_APPLIANCES-PRICE,Yahoo Finance chart endpoint,Pinned peer price payload,EXTERNAL_REFERENCE,40c999b593dc580705d3c8fe1c688b30d26195c797858b1d971d8dd6ca8b9842,https://query1.finance.yahoo.com/v8/finance/chart/000921.SZ,2026-09-11,2026-09-11,2026-09-13,HISENSE_HOME_APPLIANCES share price,29.12000084,CNY_PER_SHARE,none,29.12000084,CNY_PER_SHARE,VALUATION,H6_PEER_MARKET_DATA,PASS,PASS,PASS,PRIVATE_REPRODUCTION_ARCHIVE,Original archived privately; public registry preserves SHA256 and source URL. Original path: sources/valuation/HISENSE_HOME_APPLIANCES_price.json
R3-SRC-HISENSE_HOME_APPLIANCES-SHARES,Yahoo Finance fundamentals-timeseries endpoint,Pinned peer fundamental payload,EXTERNAL_REFERENCE,5c93d181bbb3c4abedada1acbf2f86642561a278590c6f52f7ad3694b8a10a30,https://query2.finance.yahoo.com/ws/fundamentals-timeseries/v1/finance/timeseries/000921.SZ,2026-09-11,LATEST_AVAILABLE_TO_2026-06-30,2026-09-13,HISENSE_HOME_APPLIANCES Shares,1384861171.00000000,CNY,source-native; same-currency ratio,1384861171.00000000,CNY,VALUATION,H6_PEER_MULTIPLE,PASS,PASS,PASS,PRIVATE_REPRODUCTION_ARCHIVE,Original archived privately; public registry preserves SHA256 and source URL. Original path: sources/valuation/HISENSE_HOME_APPLIANCES_fundamentals.json
R3-SRC-HISENSE_HOME_APPLIANCES-DEBT,Yahoo Finance fundamentals-timeseries endpoint,Pinned peer fundamental payload,EXTERNAL_REFERENCE,5c93d181bbb3c4abedada1acbf2f86642561a278590c6f52f7ad3694b8a10a30,https://query2.finance.yahoo.com/ws/fundamentals-timeseries/v1/finance/timeseries/000921.SZ,2026-09-11,LATEST_AVAILABLE_TO_2026-06-30,2026-09-13,HISENSE_HOME_APPLIANCES Debt,4294133164.19000000,CNY,source-native; same-currency ratio,4294133164.19000000,CNY,VALUATION,H6_PEER_MULTIPLE,PASS,PASS,PASS,PRIVATE_REPRODUCTION_ARCHIVE,Original archived privately; public registry preserves SHA256 and source URL. Original path: sources/valuation/HISENSE_HOME_APPLIANCES_fundamentals.json
R3-SRC-HISENSE_HOME_APPLIANCES-CASH,Yahoo Finance fundamentals-timeseries endpoint,Pinned peer fundamental payload,EXTERNAL_REFERENCE,5c93d181bbb3c4abedada1acbf2f86642561a278590c6f52f7ad3694b8a10a30,https://query2.finance.yahoo.com/ws/fundamentals-timeseries/v1/finance/timeseries/000921.SZ,2026-09-11,LATEST_AVAILABLE_TO_2026-06-30,2026-09-13,HISENSE_HOME_APPLIANCES Cash,24442339898.84000000,CNY,source-native; same-currency ratio,24442339898.84000000,CNY,VALUATION,H6_PEER_MULTIPLE,PASS,PASS,PASS,PRIVATE_REPRODUCTION_ARCHIVE,Original archived privately; public registry preserves SHA256 and source URL. Original path: sources/valuation/HISENSE_HOME_APPLIANCES_fundamentals.json
R3-SRC-HISENSE_HOME_APPLIANCES-NCI,Yahoo Finance fundamentals-timeseries endpoint,Pinned peer fundamental payload,EXTERNAL_REFERENCE,5c93d181bbb3c4abedada1acbf2f86642561a278590c6f52f7ad3694b8a10a30,https://query2.finance.yahoo.com/ws/fundamentals-timeseries/v1/finance/timeseries/000921.SZ,2026-09-11,LATEST_AVAILABLE_TO_2026-06-30,2026-09-13,HISENSE_HOME_APPLIANCES NCI,4578031776.85000000,CNY,source-native; same-currency ratio,4578031776.85000000,CNY,VALUATION,H6_PEER_MULTIPLE,PASS,PASS,PASS,PRIVATE_REPRODUCTION_ARCHIVE,Original archived privately; public registry preserves SHA256 and source URL. Original path: sources/valuation/HISENSE_HOME_APPLIANCES_fundamentals.json
R3-SRC-HISENSE_HOME_APPLIANCES-REVENUE,Yahoo Finance fundamentals-timeseries endpoint,Pinned peer fundamental payload,EXTERNAL_REFERENCE,5c93d181bbb3c4abedada1acbf2f86642561a278590c6f52f7ad3694b8a10a30,https://query2.finance.yahoo.com/ws/fundamentals-timeseries/v1/finance/timeseries/000921.SZ,2026-09-11,LATEST_AVAILABLE_TO_2026-06-30,2026-09-13,HISENSE_HOME_APPLIANCES Revenue,86150173758.04000000,CNY,source-native; same-currency ratio,86150173758.04000000,CNY,VALUATION,H6_PEER_MULTIPLE,PASS,PASS,PASS,PRIVATE_REPRODUCTION_ARCHIVE,Original archived privately; public registry preserves SHA256 and source URL. Original path: sources/valuation/HISENSE_HOME_APPLIANCES_fundamentals.json
R3-SRC-HISENSE_HOME_APPLIANCES-EBITDA,Yahoo Finance fundamentals-timeseries endpoint,Pinned peer fundamental payload,EXTERNAL_REFERENCE,5c93d181bbb3c4abedada1acbf2f86642561a278590c6f52f7ad3694b8a10a30,https://query2.finance.yahoo.com/ws/fundamentals-timeseries/v1/finance/timeseries/000921.SZ,2026-09-11,LATEST_AVAILABLE_TO_2026-06-30,2026-09-13,HISENSE_HOME_APPLIANCES EBITDA,5627692254.70000000,CNY,source-native; same-currency ratio,5627692254.70000000,CNY,VALUATION,H6_PEER_MULTIPLE,PASS,PASS,PASS,PRIVATE_REPRODUCTION_ARCHIVE,Original archived privately; public registry preserves SHA256 and source URL. Original path: sources/valuation/HISENSE_HOME_APPLIANCES_fundamentals.json
R3-SRC-HISENSE_HOME_APPLIANCES-EBIT,Yahoo Finance fundamentals-timeseries endpoint,Pinned peer fundamental payload,EXTERNAL_REFERENCE,5c93d181bbb3c4abedada1acbf2f86642561a278590c6f52f7ad3694b8a10a30,https://query2.finance.yahoo.com/ws/fundamentals-timeseries/v1/finance/timeseries/000921.SZ,2026-09-11,LATEST_AVAILABLE_TO_2026-06-30,2026-09-13,HISENSE_HOME_APPLIANCES EBIT,5627692254.70000000,CNY,source-native; same-currency ratio,5627692254.70000000,CNY,VALUATION,H6_PEER_MULTIPLE,PASS,PASS,PASS,PRIVATE_REPRODUCTION_ARCHIVE,Original archived privately; public registry preserves SHA256 and source URL. Original path: sources/valuation/HISENSE_HOME_APPLIANCES_fundamentals.json
R3-SRC-HISENSE_HOME_APPLIANCES-EARNINGS,Yahoo Finance fundamentals-timeseries endpoint,Pinned peer fundamental payload,EXTERNAL_REFERENCE,5c93d181bbb3c4abedada1acbf2f86642561a278590c6f52f7ad3694b8a10a30,https://query2.finance.yahoo.com/ws/fundamentals-timeseries/v1/finance/timeseries/000921.SZ,2026-09-11,LATEST_AVAILABLE_TO_2026-06-30,2026-09-13,HISENSE_HOME_APPLIANCES Earnings,3093875718.23000000,CNY,source-native; same-currency ratio,3093875718.23000000,CNY,VALUATION,H6_PEER_MULTIPLE,PASS,PASS,PASS,PRIVATE_REPRODUCTION_ARCHIVE,Original archived privately; public registry preserves SHA256 and source URL. Original path: sources/valuation/HISENSE_HOME_APPLIANCES_fundamentals.json
R3-SRC-HISENSE_HOME_APPLIANCES-BOOK_EQUITY,Yahoo Finance fundamentals-timeseries endpoint,Pinned peer fundamental payload,EXTERNAL_REFERENCE,5c93d181bbb3c4abedada1acbf2f86642561a278590c6f52f7ad3694b8a10a30,https://query2.finance.yahoo.com/ws/fundamentals-timeseries/v1/finance/timeseries/000921.SZ,2026-09-11,LATEST_AVAILABLE_TO_2026-06-30,2026-09-13,HISENSE_HOME_APPLIANCES Book_Equity,18499693247.43000000,CNY,source-native; same-currency ratio,18499693247.43000000,CNY,VALUATION,H6_PEER_MULTIPLE,PASS,PASS,PASS,PRIVATE_REPRODUCTION_ARCHIVE,Original archived privately; public registry preserves SHA256 and source URL. Original path: sources/valuation/HISENSE_HOME_APPLIANCES_fundamentals.json
R3-SRC-CARRIER_GLOBAL-PRICE,Yahoo Finance chart endpoint,Pinned peer price payload,EXTERNAL_REFERENCE,8989febc833e692227e4b5e8e18c5ebf2dc65d5128f86d478d5042b6e7bf29a0,https://query1.finance.yahoo.com/v8/finance/chart/CARR,2026-09-11,2026-09-11,2026-09-13,CARRIER_GLOBAL share price,57.45999908,USD_PER_SHARE,none,57.45999908,USD_PER_SHARE,VALUATION,H6_PEER_MARKET_DATA,PASS,PASS,PASS,PRIVATE_REPRODUCTION_ARCHIVE,Original archived privately; public registry preserves SHA256 and source URL. Original path: sources/valuation/CARRIER_GLOBAL_price.json
R3-SRC-CARRIER_GLOBAL-SHARES,Yahoo Finance fundamentals-timeseries endpoint,Pinned peer fundamental payload,EXTERNAL_REFERENCE,4c23b7454962c7b361268213a5439646e97fb51f9e0837f9cbab103512d0641e,https://query2.finance.yahoo.com/ws/fundamentals-timeseries/v1/finance/timeseries/CARR,2026-09-11,LATEST_AVAILABLE_TO_2026-06-30,2026-09-13,CARRIER_GLOBAL Shares,825026056.00000000,USD,source-native; same-currency ratio,825026056.00000000,USD,VALUATION,H6_PEER_MULTIPLE,PASS,PASS,PASS,PRIVATE_REPRODUCTION_ARCHIVE,Original archived privately; public registry preserves SHA256 and source URL. Original path: sources/valuation/CARRIER_GLOBAL_fundamentals.json
R3-SRC-CARRIER_GLOBAL-DEBT,Yahoo Finance fundamentals-timeseries endpoint,Pinned peer fundamental payload,EXTERNAL_REFERENCE,4c23b7454962c7b361268213a5439646e97fb51f9e0837f9cbab103512d0641e,https://query2.finance.yahoo.com/ws/fundamentals-timeseries/v1/finance/timeseries/CARR,2026-09-11,LATEST_AVAILABLE_TO_2026-06-30,2026-09-13,CARRIER_GLOBAL Debt,12394000000.00000000,USD,source-native; same-currency ratio,12394000000.00000000,USD,VALUATION,H6_PEER_MULTIPLE,PASS,PASS,PASS,PRIVATE_REPRODUCTION_ARCHIVE,Original archived privately; public registry preserves SHA256 and source URL. Original path: sources/valuation/CARRIER_GLOBAL_fundamentals.json
R3-SRC-CARRIER_GLOBAL-CASH,Yahoo Finance fundamentals-timeseries endpoint,Pinned peer fundamental payload,EXTERNAL_REFERENCE,4c23b7454962c7b361268213a5439646e97fb51f9e0837f9cbab103512d0641e,https://query2.finance.yahoo.com/ws/fundamentals-timeseries/v1/finance/timeseries/CARR,2026-09-11,LATEST_AVAILABLE_TO_2026-06-30,2026-09-13,CARRIER_GLOBAL Cash,1344000000.00000000,USD,source-native; same-currency ratio,1344000000.00000000,USD,VALUATION,H6_PEER_MULTIPLE,PASS,PASS,PASS,PRIVATE_REPRODUCTION_ARCHIVE,Original archived privately; public registry preserves SHA256 and source URL. Original path: sources/valuation/CARRIER_GLOBAL_fundamentals.json
R3-SRC-CARRIER_GLOBAL-NCI,Yahoo Finance fundamentals-timeseries endpoint,Pinned peer fundamental payload,EXTERNAL_REFERENCE,4c23b7454962c7b361268213a5439646e97fb51f9e0837f9cbab103512d0641e,https://query2.finance.yahoo.com/ws/fundamentals-timeseries/v1/finance/timeseries/CARR,2026-09-11,LATEST_AVAILABLE_TO_2026-06-30,2026-09-13,CARRIER_GLOBAL NCI,325000000.00000000,USD,source-native; same-currency ratio,325000000.00000000,USD,VALUATION,H6_PEER_MULTIPLE,PASS,PASS,PASS,PRIVATE_REPRODUCTION_ARCHIVE,Original archived privately; public registry preserves SHA256 and source URL. Original path: sources/valuation/CARRIER_GLOBAL_fundamentals.json
R3-SRC-CARRIER_GLOBAL-REVENUE,Yahoo Finance fundamentals-timeseries endpoint,Pinned peer fundamental payload,EXTERNAL_REFERENCE,4c23b7454962c7b361268213a5439646e97fb51f9e0837f9cbab103512d0641e,https://query2.finance.yahoo.com/ws/fundamentals-timeseries/v1/finance/timeseries/CARR,2026-09-11,LATEST_AVAILABLE_TO_2026-06-30,2026-09-13,CARRIER_GLOBAL Revenue,22108000000.00000000,USD,source-native; same-currency ratio,22108000000.00000000,USD,VALUATION,H6_PEER_MULTIPLE,PASS,PASS,PASS,PRIVATE_REPRODUCTION_ARCHIVE,Original archived privately; public registry preserves SHA256 and source URL. Original path: sources/valuation/CARRIER_GLOBAL_fundamentals.json
R3-SRC-CARRIER_GLOBAL-EBITDA,Yahoo Finance fundamentals-timeseries endpoint,Pinned peer fundamental payload,EXTERNAL_REFERENCE,4c23b7454962c7b361268213a5439646e97fb51f9e0837f9cbab103512d0641e,https://query2.finance.yahoo.com/ws/fundamentals-timeseries/v1/finance/timeseries/CARR,2026-09-11,LATEST_AVAILABLE_TO_2026-06-30,2026-09-13,CARRIER_GLOBAL EBITDA,3079000000.00000000,USD,source-native; same-currency ratio,3079000000.00000000,USD,VALUATION,H6_PEER_MULTIPLE,PASS,PASS,PASS,PRIVATE_REPRODUCTION_ARCHIVE,Original archived privately; public registry preserves SHA256 and source URL. Original path: sources/valuation/CARRIER_GLOBAL_fundamentals.json
R3-SRC-CARRIER_GLOBAL-EBIT,Yahoo Finance fundamentals-timeseries endpoint,Pinned peer fundamental payload,EXTERNAL_REFERENCE,4c23b7454962c7b361268213a5439646e97fb51f9e0837f9cbab103512d0641e,https://query2.finance.yahoo.com/ws/fundamentals-timeseries/v1/finance/timeseries/CARR,2026-09-11,LATEST_AVAILABLE_TO_2026-06-30,2026-09-13,CARRIER_GLOBAL EBIT,1796000000.00000000,USD,source-native; same-currency ratio,1796000000.00000000,USD,VALUATION,H6_PEER_MULTIPLE,PASS,PASS,PASS,PRIVATE_REPRODUCTION_ARCHIVE,Original archived privately; public registry preserves SHA256 and source URL. Original path: sources/valuation/CARRIER_GLOBAL_fundamentals.json
R3-SRC-CARRIER_GLOBAL-EARNINGS,Yahoo Finance fundamentals-timeseries endpoint,Pinned peer fundamental payload,EXTERNAL_REFERENCE,4c23b7454962c7b361268213a5439646e97fb51f9e0837f9cbab103512d0641e,https://query2.finance.yahoo.com/ws/fundamentals-timeseries/v1/finance/timeseries/CARR,2026-09-11,LATEST_AVAILABLE_TO_2026-06-30,2026-09-13,CARRIER_GLOBAL Earnings,1220000000.00000000,USD,source-native; same-currency ratio,1220000000.00000000,USD,VALUATION,H6_PEER_MULTIPLE,PASS,PASS,PASS,PRIVATE_REPRODUCTION_ARCHIVE,Original archived privately; public registry preserves SHA256 and source URL. Original path: sources/valuation/CARRIER_GLOBAL_fundamentals.json
R3-SRC-CARRIER_GLOBAL-BOOK_EQUITY,Yahoo Finance fundamentals-timeseries endpoint,Pinned peer fundamental payload,EXTERNAL_REFERENCE,4c23b7454962c7b361268213a5439646e97fb51f9e0837f9cbab103512d0641e,https://query2.finance.yahoo.com/ws/fundamentals-timeseries/v1/finance/timeseries/CARR,2026-09-11,LATEST_AVAILABLE_TO_2026-06-30,2026-09-13,CARRIER_GLOBAL Book_Equity,13147000000.00000000,USD,source-native; same-currency ratio,13147000000.00000000,USD,VALUATION,H6_PEER_MULTIPLE,PASS,PASS,PASS,PRIVATE_REPRODUCTION_ARCHIVE,Original archived privately; public registry preserves SHA256 and source URL. Original path: sources/valuation/CARRIER_GLOBAL_fundamentals.json
R3-SRC-DAIKIN_INDUSTRIES-PRICE,Yahoo Finance chart endpoint,Pinned peer price payload,EXTERNAL_REFERENCE,ca0aec159fb0ffcb4248491287285f7bfada8b8aa5c14ab466bf679954a1d2fb,https://query1.finance.yahoo.com/v8/finance/chart/6367.T,2026-09-11,2026-09-11,2026-09-13,DAIKIN_INDUSTRIES share price,20780.00000000,JPY_PER_SHARE,none,20780.00000000,JPY_PER_SHARE,VALUATION,H6_PEER_MARKET_DATA,PASS,PASS,PASS,PRIVATE_REPRODUCTION_ARCHIVE,Original archived privately; public registry preserves SHA256 and source URL. Original path: sources/valuation/DAIKIN_INDUSTRIES_price.json
R3-SRC-DAIKIN_INDUSTRIES-SHARES,Yahoo Finance fundamentals-timeseries endpoint,Pinned peer fundamental payload,EXTERNAL_REFERENCE,04355743ef4d3d196f023d2ad6d635bc718d9ec93210055241363cef83e8a6ab,https://query2.finance.yahoo.com/ws/fundamentals-timeseries/v1/finance/timeseries/6367.T,2026-09-11,LATEST_AVAILABLE_TO_2026-06-30,2026-09-13,DAIKIN_INDUSTRIES Shares,292841612.00000000,JPY,source-native; same-currency ratio,292841612.00000000,JPY,VALUATION,H6_PEER_MULTIPLE,PASS,PASS,PASS,PRIVATE_REPRODUCTION_ARCHIVE,Original archived privately; public registry preserves SHA256 and source URL. Original path: sources/valuation/DAIKIN_INDUSTRIES_fundamentals.json
R3-SRC-DAIKIN_INDUSTRIES-DEBT,Yahoo Finance fundamentals-timeseries endpoint,Pinned peer fundamental payload,EXTERNAL_REFERENCE,04355743ef4d3d196f023d2ad6d635bc718d9ec93210055241363cef83e8a6ab,https://query2.finance.yahoo.com/ws/fundamentals-timeseries/v1/finance/timeseries/6367.T,2026-09-11,LATEST_AVAILABLE_TO_2026-06-30,2026-09-13,DAIKIN_INDUSTRIES Debt,1094585000000.00000000,JPY,source-native; same-currency ratio,1094585000000.00000000,JPY,VALUATION,H6_PEER_MULTIPLE,PASS,PASS,PASS,PRIVATE_REPRODUCTION_ARCHIVE,Original archived privately; public registry preserves SHA256 and source URL. Original path: sources/valuation/DAIKIN_INDUSTRIES_fundamentals.json
R3-SRC-DAIKIN_INDUSTRIES-CASH,Yahoo Finance fundamentals-timeseries endpoint,Pinned peer fundamental payload,EXTERNAL_REFERENCE,04355743ef4d3d196f023d2ad6d635bc718d9ec93210055241363cef83e8a6ab,https://query2.finance.yahoo.com/ws/fundamentals-timeseries/v1/finance/timeseries/6367.T,2026-09-11,LATEST_AVAILABLE_TO_2026-06-30,2026-09-13,DAIKIN_INDUSTRIES Cash,933484000000.00000000,JPY,source-native; same-currency ratio,933484000000.00000000,JPY,VALUATION,H6_PEER_MULTIPLE,PASS,PASS,PASS,PRIVATE_REPRODUCTION_ARCHIVE,Original archived privately; public registry preserves SHA256 and source URL. Original path: sources/valuation/DAIKIN_INDUSTRIES_fundamentals.json
R3-SRC-DAIKIN_INDUSTRIES-NCI,Yahoo Finance fundamentals-timeseries endpoint,Pinned peer fundamental payload,EXTERNAL_REFERENCE,04355743ef4d3d196f023d2ad6d635bc718d9ec93210055241363cef83e8a6ab,https://query2.finance.yahoo.com/ws/fundamentals-timeseries/v1/finance/timeseries/6367.T,2026-09-11,LATEST_AVAILABLE_TO_2026-06-30,2026-09-13,DAIKIN_INDUSTRIES NCI,61884000000.00000000,JPY,source-native; same-currency ratio,61884000000.00000000,JPY,VALUATION,H6_PEER_MULTIPLE,PASS,PASS,PASS,PRIVATE_REPRODUCTION_ARCHIVE,Original archived privately; public registry preserves SHA256 and source URL. Original path: sources/valuation/DAIKIN_INDUSTRIES_fundamentals.json
R3-SRC-DAIKIN_INDUSTRIES-REVENUE,Yahoo Finance fundamentals-timeseries endpoint,Pinned peer fundamental payload,EXTERNAL_REFERENCE,04355743ef4d3d196f023d2ad6d635bc718d9ec93210055241363cef83e8a6ab,https://query2.finance.yahoo.com/ws/fundamentals-timeseries/v1/finance/timeseries/6367.T,2026-09-11,LATEST_AVAILABLE_TO_2026-06-30,2026-09-13,DAIKIN_INDUSTRIES Revenue,5015036000000.00000000,JPY,source-native; same-currency ratio,5015036000000.00000000,JPY,VALUATION,H6_PEER_MULTIPLE,PASS,PASS,PASS,PRIVATE_REPRODUCTION_ARCHIVE,Original archived privately; public registry preserves SHA256 and source URL. Original path: sources/valuation/DAIKIN_INDUSTRIES_fundamentals.json
R3-SRC-DAIKIN_INDUSTRIES-EBITDA,Yahoo Finance fundamentals-timeseries endpoint,Pinned peer fundamental payload,EXTERNAL_REFERENCE,04355743ef4d3d196f023d2ad6d635bc718d9ec93210055241363cef83e8a6ab,https://query2.finance.yahoo.com/ws/fundamentals-timeseries/v1/finance/timeseries/6367.T,2026-09-11,LATEST_AVAILABLE_TO_2026-06-30,2026-09-13,DAIKIN_INDUSTRIES EBITDA,718810000000.00000000,JPY,source-native; same-currency ratio,718810000000.00000000,JPY,VALUATION,H6_PEER_MULTIPLE,PASS,PASS,PASS,PRIVATE_REPRODUCTION_ARCHIVE,Original archived privately; public registry preserves SHA256 and source URL. Original path: sources/valuation/DAIKIN_INDUSTRIES_fundamentals.json
R3-SRC-DAIKIN_INDUSTRIES-EBIT,Yahoo Finance fundamentals-timeseries endpoint,Pinned peer fundamental payload,EXTERNAL_REFERENCE,04355743ef4d3d196f023d2ad6d635bc718d9ec93210055241363cef83e8a6ab,https://query2.finance.yahoo.com/ws/fundamentals-timeseries/v1/finance/timeseries/6367.T,2026-09-11,LATEST_AVAILABLE_TO_2026-06-30,2026-09-13,DAIKIN_INDUSTRIES EBIT,442604000000.00000000,JPY,source-native; same-currency ratio,442604000000.00000000,JPY,VALUATION,H6_PEER_MULTIPLE,PASS,PASS,PASS,PRIVATE_REPRODUCTION_ARCHIVE,Original archived privately; public registry preserves SHA256 and source URL. Original path: sources/valuation/DAIKIN_INDUSTRIES_fundamentals.json
R3-SRC-DAIKIN_INDUSTRIES-EARNINGS,Yahoo Finance fundamentals-timeseries endpoint,Pinned peer fundamental payload,EXTERNAL_REFERENCE,04355743ef4d3d196f023d2ad6d635bc718d9ec93210055241363cef83e8a6ab,https://query2.finance.yahoo.com/ws/fundamentals-timeseries/v1/finance/timeseries/6367.T,2026-09-11,LATEST_AVAILABLE_TO_2026-06-30,2026-09-13,DAIKIN_INDUSTRIES Earnings,275229000000.00000000,JPY,source-native; same-currency ratio,275229000000.00000000,JPY,VALUATION,H6_PEER_MULTIPLE,PASS,PASS,PASS,PRIVATE_REPRODUCTION_ARCHIVE,Original archived privately; public registry preserves SHA256 and source URL. Original path: sources/valuation/DAIKIN_INDUSTRIES_fundamentals.json
R3-SRC-DAIKIN_INDUSTRIES-BOOK_EQUITY,Yahoo Finance fundamentals-timeseries endpoint,Pinned peer fundamental payload,EXTERNAL_REFERENCE,04355743ef4d3d196f023d2ad6d635bc718d9ec93210055241363cef83e8a6ab,https://query2.finance.yahoo.com/ws/fundamentals-timeseries/v1/finance/timeseries/6367.T,2026-09-11,LATEST_AVAILABLE_TO_2026-06-30,2026-09-13,DAIKIN_INDUSTRIES Book_Equity,3254652000000.00000000,JPY,source-native; same-currency ratio,3254652000000.00000000,JPY,VALUATION,H6_PEER_MULTIPLE,PASS,PASS,PASS,PRIVATE_REPRODUCTION_ARCHIVE,Original archived privately; public registry preserves SHA256 and source URL. Original path: sources/valuation/DAIKIN_INDUSTRIES_fundamentals.json
R3-SRC-PANASONIC_HOLDINGS-PRICE,Yahoo Finance chart endpoint,Pinned peer price payload,EXTERNAL_REFERENCE,36e47945be69a409924409cf15382c32055fb3a446148066924a260d73519d21,https://query1.finance.yahoo.com/v8/finance/chart/6752.T,2026-09-11,2026-09-11,2026-09-13,PANASONIC_HOLDINGS share price,4200.00000000,JPY_PER_SHARE,none,4200.00000000,JPY_PER_SHARE,VALUATION,H6_PEER_MARKET_DATA,PASS,PASS,PASS,PRIVATE_REPRODUCTION_ARCHIVE,Original archived privately; public registry preserves SHA256 and source URL. Original path: sources/valuation/PANASONIC_HOLDINGS_price.json
R3-SRC-PANASONIC_HOLDINGS-SHARES,Yahoo Finance fundamentals-timeseries endpoint,Pinned peer fundamental payload,EXTERNAL_REFERENCE,e693d5ec05785fc8792ee65f8a368ae4d1a278f7d01ff7f325e5fa184c22c18a,https://query2.finance.yahoo.com/ws/fundamentals-timeseries/v1/finance/timeseries/6752.T,2026-09-11,LATEST_AVAILABLE_TO_2026-06-30,2026-09-13,PANASONIC_HOLDINGS Shares,2334702707.00000000,JPY,source-native; same-currency ratio,2334702707.00000000,JPY,VALUATION,H6_PEER_MULTIPLE,PASS,PASS,PASS,PRIVATE_REPRODUCTION_ARCHIVE,Original archived privately; public registry preserves SHA256 and source URL. Original path: sources/valuation/PANASONIC_HOLDINGS_fundamentals.json
R3-SRC-PANASONIC_HOLDINGS-DEBT,Yahoo Finance fundamentals-timeseries endpoint,Pinned peer fundamental payload,EXTERNAL_REFERENCE,e693d5ec05785fc8792ee65f8a368ae4d1a278f7d01ff7f325e5fa184c22c18a,https://query2.finance.yahoo.com/ws/fundamentals-timeseries/v1/finance/timeseries/6752.T,2026-09-11,LATEST_AVAILABLE_TO_2026-06-30,2026-09-13,PANASONIC_HOLDINGS Debt,1603197000000.00000000,JPY,source-native; same-currency ratio,1603197000000.00000000,JPY,VALUATION,H6_PEER_MULTIPLE,PASS,PASS,PASS,PRIVATE_REPRODUCTION_ARCHIVE,Original archived privately; public registry preserves SHA256 and source URL. Original path: sources/valuation/PANASONIC_HOLDINGS_fundamentals.json
R3-SRC-PANASONIC_HOLDINGS-CASH,Yahoo Finance fundamentals-timeseries endpoint,Pinned peer fundamental payload,EXTERNAL_REFERENCE,e693d5ec05785fc8792ee65f8a368ae4d1a278f7d01ff7f325e5fa184c22c18a,https://query2.finance.yahoo.com/ws/fundamentals-timeseries/v1/finance/timeseries/6752.T,2026-09-11,LATEST_AVAILABLE_TO_2026-06-30,2026-09-13,PANASONIC_HOLDINGS Cash,967278000000.00000000,JPY,source-native; same-currency ratio,967278000000.00000000,JPY,VALUATION,H6_PEER_MULTIPLE,PASS,PASS,PASS,PRIVATE_REPRODUCTION_ARCHIVE,Original archived privately; public registry preserves SHA256 and source URL. Original path: sources/valuation/PANASONIC_HOLDINGS_fundamentals.json
R3-SRC-PANASONIC_HOLDINGS-NCI,Yahoo Finance fundamentals-timeseries endpoint,Pinned peer fundamental payload,EXTERNAL_REFERENCE,e693d5ec05785fc8792ee65f8a368ae4d1a278f7d01ff7f325e5fa184c22c18a,https://query2.finance.yahoo.com/ws/fundamentals-timeseries/v1/finance/timeseries/6752.T,2026-09-11,LATEST_AVAILABLE_TO_2026-06-30,2026-09-13,PANASONIC_HOLDINGS NCI,170683000000.00000000,JPY,source-native; same-currency ratio,170683000000.00000000,JPY,VALUATION,H6_PEER_MULTIPLE,PASS,PASS,PASS,PRIVATE_REPRODUCTION_ARCHIVE,Original archived privately; public registry preserves SHA256 and source URL. Original path: sources/valuation/PANASONIC_HOLDINGS_fundamentals.json
R3-SRC-PANASONIC_HOLDINGS-REVENUE,Yahoo Finance fundamentals-timeseries endpoint,Pinned peer fundamental payload,EXTERNAL_REFERENCE,e693d5ec05785fc8792ee65f8a368ae4d1a278f7d01ff7f325e5fa184c22c18a,https://query2.finance.yahoo.com/ws/fundamentals-timeseries/v1/finance/timeseries/6752.T,2026-09-11,LATEST_AVAILABLE_TO_2026-06-30,2026-09-13,PANASONIC_HOLDINGS Revenue,8048722000000.00000000,JPY,source-native; same-currency ratio,8048722000000.00000000,JPY,VALUATION,H6_PEER_MULTIPLE,PASS,PASS,PASS,PRIVATE_REPRODUCTION_ARCHIVE,Original archived privately; public registry preserves SHA256 and source URL. Original path: sources/valuation/PANASONIC_HOLDINGS_fundamentals.json
R3-SRC-PANASONIC_HOLDINGS-EBITDA,Yahoo Finance fundamentals-timeseries endpoint,Pinned peer fundamental payload,EXTERNAL_REFERENCE,e693d5ec05785fc8792ee65f8a368ae4d1a278f7d01ff7f325e5fa184c22c18a,https://query2.finance.yahoo.com/ws/fundamentals-timeseries/v1/finance/timeseries/6752.T,2026-09-11,LATEST_AVAILABLE_TO_2026-06-30,2026-09-13,PANASONIC_HOLDINGS EBITDA,305107000000.00000000,JPY,source-native; same-currency ratio,305107000000.00000000,JPY,VALUATION,H6_PEER_MULTIPLE,PASS,PASS,PASS,PRIVATE_REPRODUCTION_ARCHIVE,Original archived privately; public registry preserves SHA256 and source URL. Original path: sources/valuation/PANASONIC_HOLDINGS_fundamentals.json
R3-SRC-PANASONIC_HOLDINGS-EBIT,Yahoo Finance fundamentals-timeseries endpoint,Pinned peer fundamental payload,EXTERNAL_REFERENCE,e693d5ec05785fc8792ee65f8a368ae4d1a278f7d01ff7f325e5fa184c22c18a,https://query2.finance.yahoo.com/ws/fundamentals-timeseries/v1/finance/timeseries/6752.T,2026-09-11,LATEST_AVAILABLE_TO_2026-06-30,2026-09-13,PANASONIC_HOLDINGS EBIT,305107000000.00000000,JPY,source-native; same-currency ratio,305107000000.00000000,JPY,VALUATION,H6_PEER_MULTIPLE,PASS,PASS,PASS,PRIVATE_REPRODUCTION_ARCHIVE,Original archived privately; public registry preserves SHA256 and source URL. Original path: sources/valuation/PANASONIC_HOLDINGS_fundamentals.json
R3-SRC-PANASONIC_HOLDINGS-EARNINGS,Yahoo Finance fundamentals-timeseries endpoint,Pinned peer fundamental payload,EXTERNAL_REFERENCE,e693d5ec05785fc8792ee65f8a368ae4d1a278f7d01ff7f325e5fa184c22c18a,https://query2.finance.yahoo.com/ws/fundamentals-timeseries/v1/finance/timeseries/6752.T,2026-09-11,LATEST_AVAILABLE_TO_2026-06-30,2026-09-13,PANASONIC_HOLDINGS Earnings,189540000000.00000000,JPY,source-native; same-currency ratio,189540000000.00000000,JPY,VALUATION,H6_PEER_MULTIPLE,PASS,PASS,PASS,PRIVATE_REPRODUCTION_ARCHIVE,Original archived privately; public registry preserves SHA256 and source URL. Original path: sources/valuation/PANASONIC_HOLDINGS_fundamentals.json
R3-SRC-PANASONIC_HOLDINGS-BOOK_EQUITY,Yahoo Finance fundamentals-timeseries endpoint,Pinned peer fundamental payload,EXTERNAL_REFERENCE,e693d5ec05785fc8792ee65f8a368ae4d1a278f7d01ff7f325e5fa184c22c18a,https://query2.finance.yahoo.com/ws/fundamentals-timeseries/v1/finance/timeseries/6752.T,2026-09-11,LATEST_AVAILABLE_TO_2026-06-30,2026-09-13,PANASONIC_HOLDINGS Book_Equity,5211272000000.00000000,JPY,source-native; same-currency ratio,5211272000000.00000000,JPY,VALUATION,H6_PEER_MULTIPLE,PASS,PASS,PASS,PRIVATE_REPRODUCTION_ARCHIVE,Original archived privately; public registry preserves SHA256 and source URL. Original path: sources/valuation/PANASONIC_HOLDINGS_fundamentals.json
R3-SRC-SCHNEIDER_ELECTRIC-PRICE,Yahoo Finance chart endpoint,Pinned peer price payload,EXTERNAL_REFERENCE,e0fbb5252468e9d29686cfd051ddcc28e7732d69a6c24f3712fe947987613fe9,https://query1.finance.yahoo.com/v8/finance/chart/SU.PA,2026-09-11,2026-09-11,2026-09-13,SCHNEIDER_ELECTRIC share price,291.10000610,EUR_PER_SHARE,none,291.10000610,EUR_PER_SHARE,VALUATION,H6_PEER_MARKET_DATA,PASS,PASS,PASS,PRIVATE_REPRODUCTION_ARCHIVE,Original archived privately; public registry preserves SHA256 and source URL. Original path: sources/valuation/SCHNEIDER_ELECTRIC_price.json
R3-SRC-SCHNEIDER_ELECTRIC-SHARES,Yahoo Finance fundamentals-timeseries endpoint,Pinned peer fundamental payload,EXTERNAL_REFERENCE,160a3c57bddf6107a8b3d861337f3deb7e0b714d352a6d05a713b91c79ef6c66,https://query2.finance.yahoo.com/ws/fundamentals-timeseries/v1/finance/timeseries/SU.PA,2026-09-11,LATEST_AVAILABLE_TO_2026-06-30,2026-09-13,SCHNEIDER_ELECTRIC Shares,562327586.00000000,EUR,source-native; same-currency ratio,562327586.00000000,EUR,VALUATION,H6_PEER_MULTIPLE,PASS,PASS,PASS,PRIVATE_REPRODUCTION_ARCHIVE,Original archived privately; public registry preserves SHA256 and source URL. Original path: sources/valuation/SCHNEIDER_ELECTRIC_fundamentals.json
R3-SRC-SCHNEIDER_ELECTRIC-DEBT,Yahoo Finance fundamentals-timeseries endpoint,Pinned peer fundamental payload,EXTERNAL_REFERENCE,160a3c57bddf6107a8b3d861337f3deb7e0b714d352a6d05a713b91c79ef6c66,https://query2.finance.yahoo.com/ws/fundamentals-timeseries/v1/finance/timeseries/SU.PA,2026-09-11,LATEST_AVAILABLE_TO_2026-06-30,2026-09-13,SCHNEIDER_ELECTRIC Debt,19390000000.00000000,EUR,source-native; same-currency ratio,19390000000.00000000,EUR,VALUATION,H6_PEER_MULTIPLE,PASS,PASS,PASS,PRIVATE_REPRODUCTION_ARCHIVE,Original archived privately; public registry preserves SHA256 and source URL. Original path: sources/valuation/SCHNEIDER_ELECTRIC_fundamentals.json
R3-SRC-SCHNEIDER_ELECTRIC-CASH,Yahoo Finance fundamentals-timeseries endpoint,Pinned peer fundamental payload,EXTERNAL_REFERENCE,160a3c57bddf6107a8b3d861337f3deb7e0b714d352a6d05a713b91c79ef6c66,https://query2.finance.yahoo.com/ws/fundamentals-timeseries/v1/finance/timeseries/SU.PA,2026-09-11,LATEST_AVAILABLE_TO_2026-06-30,2026-09-13,SCHNEIDER_ELECTRIC Cash,4518000000.00000000,EUR,source-native; same-currency ratio,4518000000.00000000,EUR,VALUATION,H6_PEER_MULTIPLE,PASS,PASS,PASS,PRIVATE_REPRODUCTION_ARCHIVE,Original archived privately; public registry preserves SHA256 and source URL. Original path: sources/valuation/SCHNEIDER_ELECTRIC_fundamentals.json
R3-SRC-SCHNEIDER_ELECTRIC-NCI,Yahoo Finance fundamentals-timeseries endpoint,Pinned peer fundamental payload,EXTERNAL_REFERENCE,160a3c57bddf6107a8b3d861337f3deb7e0b714d352a6d05a713b91c79ef6c66,https://query2.finance.yahoo.com/ws/fundamentals-timeseries/v1/finance/timeseries/SU.PA,2026-09-11,LATEST_AVAILABLE_TO_2026-06-30,2026-09-13,SCHNEIDER_ELECTRIC NCI,273000000.00000000,EUR,source-native; same-currency ratio,273000000.00000000,EUR,VALUATION,H6_PEER_MULTIPLE,PASS,PASS,PASS,PRIVATE_REPRODUCTION_ARCHIVE,Original archived privately; public registry preserves SHA256 and source URL. Original path: sources/valuation/SCHNEIDER_ELECTRIC_fundamentals.json
R3-SRC-SCHNEIDER_ELECTRIC-REVENUE,Yahoo Finance fundamentals-timeseries endpoint,Pinned peer fundamental payload,EXTERNAL_REFERENCE,160a3c57bddf6107a8b3d861337f3deb7e0b714d352a6d05a713b91c79ef6c66,https://query2.finance.yahoo.com/ws/fundamentals-timeseries/v1/finance/timeseries/SU.PA,2026-09-11,LATEST_AVAILABLE_TO_2026-06-30,2026-09-13,SCHNEIDER_ELECTRIC Revenue,42042000000.00000000,EUR,source-native; same-currency ratio,42042000000.00000000,EUR,VALUATION,H6_PEER_MULTIPLE,PASS,PASS,PASS,PRIVATE_REPRODUCTION_ARCHIVE,Original archived privately; public registry preserves SHA256 and source URL. Original path: sources/valuation/SCHNEIDER_ELECTRIC_fundamentals.json
R3-SRC-SCHNEIDER_ELECTRIC-EBITDA,Yahoo Finance fundamentals-timeseries endpoint,Pinned peer fundamental payload,EXTERNAL_REFERENCE,160a3c57bddf6107a8b3d861337f3deb7e0b714d352a6d05a713b91c79ef6c66,https://query2.finance.yahoo.com/ws/fundamentals-timeseries/v1/finance/timeseries/SU.PA,2026-09-11,LATEST_AVAILABLE_TO_2026-06-30,2026-09-13,SCHNEIDER_ELECTRIC EBITDA,8788000000.00000000,EUR,source-native; same-currency ratio,8788000000.00000000,EUR,VALUATION,H6_PEER_MULTIPLE,PASS,PASS,PASS,PRIVATE_REPRODUCTION_ARCHIVE,Original archived privately; public registry preserves SHA256 and source URL. Original path: sources/valuation/SCHNEIDER_ELECTRIC_fundamentals.json
R3-SRC-SCHNEIDER_ELECTRIC-EBIT,Yahoo Finance fundamentals-timeseries endpoint,Pinned peer fundamental payload,EXTERNAL_REFERENCE,160a3c57bddf6107a8b3d861337f3deb7e0b714d352a6d05a713b91c79ef6c66,https://query2.finance.yahoo.com/ws/fundamentals-timeseries/v1/finance/timeseries/SU.PA,2026-09-11,LATEST_AVAILABLE_TO_2026-06-30,2026-09-13,SCHNEIDER_ELECTRIC EBIT,7098000000.00000000,EUR,source-native; same-currency ratio,7098000000.00000000,EUR,VALUATION,H6_PEER_MULTIPLE,PASS,PASS,PASS,PRIVATE_REPRODUCTION_ARCHIVE,Original archived privately; public registry preserves SHA256 and source URL. Original path: sources/valuation/SCHNEIDER_ELECTRIC_fundamentals.json
R3-SRC-SCHNEIDER_ELECTRIC-EARNINGS,Yahoo Finance fundamentals-timeseries endpoint,Pinned peer fundamental payload,EXTERNAL_REFERENCE,160a3c57bddf6107a8b3d861337f3deb7e0b714d352a6d05a713b91c79ef6c66,https://query2.finance.yahoo.com/ws/fundamentals-timeseries/v1/finance/timeseries/SU.PA,2026-09-11,LATEST_AVAILABLE_TO_2026-06-30,2026-09-13,SCHNEIDER_ELECTRIC Earnings,4738000000.00000000,EUR,source-native; same-currency ratio,4738000000.00000000,EUR,VALUATION,H6_PEER_MULTIPLE,PASS,PASS,PASS,PRIVATE_REPRODUCTION_ARCHIVE,Original archived privately; public registry preserves SHA256 and source URL. Original path: sources/valuation/SCHNEIDER_ELECTRIC_fundamentals.json
R3-SRC-SCHNEIDER_ELECTRIC-BOOK_EQUITY,Yahoo Finance fundamentals-timeseries endpoint,Pinned peer fundamental payload,EXTERNAL_REFERENCE,160a3c57bddf6107a8b3d861337f3deb7e0b714d352a6d05a713b91c79ef6c66,https://query2.finance.yahoo.com/ws/fundamentals-timeseries/v1/finance/timeseries/SU.PA,2026-09-11,LATEST_AVAILABLE_TO_2026-06-30,2026-09-13,SCHNEIDER_ELECTRIC Book_Equity,24463000000.00000000,EUR,source-native; same-currency ratio,24463000000.00000000,EUR,VALUATION,H6_PEER_MULTIPLE,PASS,PASS,PASS,PRIVATE_REPRODUCTION_ARCHIVE,Original archived privately; public registry preserves SHA256 and source URL. Original path: sources/valuation/SCHNEIDER_ELECTRIC_fundamentals.json
R3-SRC-SIEMENS-PRICE,Yahoo Finance chart endpoint,Pinned peer price payload,EXTERNAL_REFERENCE,873de9a310f375ba68a12781e22e763502c0c3753e327afbbc6243939a36b5b0,https://query1.finance.yahoo.com/v8/finance/chart/SIE.DE,2026-09-11,2026-09-11,2026-09-13,SIEMENS share price,264.64999390,EUR_PER_SHARE,none,264.64999390,EUR_PER_SHARE,VALUATION,H6_PEER_MARKET_DATA,PASS,PASS,PASS,PRIVATE_REPRODUCTION_ARCHIVE,Original archived privately; public registry preserves SHA256 and source URL. Original path: sources/valuation/SIEMENS_price.json
R3-SRC-SIEMENS-SHARES,Yahoo Finance fundamentals-timeseries endpoint,Pinned peer fundamental payload,EXTERNAL_REFERENCE,762f93009cbf683a73ca2389f9253f0f5af84c700dd754135a91b8d5795540a7,https://query2.finance.yahoo.com/ws/fundamentals-timeseries/v1/finance/timeseries/SIE.DE,2026-09-11,LATEST_AVAILABLE_TO_2026-06-30,2026-09-13,SIEMENS Shares,780264198.00000000,EUR,source-native; same-currency ratio,780264198.00000000,EUR,VALUATION,H6_PEER_MULTIPLE,PASS,PASS,PASS,PRIVATE_REPRODUCTION_ARCHIVE,Original archived privately; public registry preserves SHA256 and source URL. Original path: sources/valuation/SIEMENS_fundamentals.json
R3-SRC-SIEMENS-DEBT,Yahoo Finance fundamentals-timeseries endpoint,Pinned peer fundamental payload,EXTERNAL_REFERENCE,762f93009cbf683a73ca2389f9253f0f5af84c700dd754135a91b8d5795540a7,https://query2.finance.yahoo.com/ws/fundamentals-timeseries/v1/finance/timeseries/SIE.DE,2026-09-11,LATEST_AVAILABLE_TO_2026-06-30,2026-09-13,SIEMENS Debt,49924000000.00000000,EUR,source-native; same-currency ratio,49924000000.00000000,EUR,VALUATION,H6_PEER_MULTIPLE,PASS,PASS,PASS,PRIVATE_REPRODUCTION_ARCHIVE,Original archived privately; public registry preserves SHA256 and source URL. Original path: sources/valuation/SIEMENS_fundamentals.json
R3-SRC-SIEMENS-CASH,Yahoo Finance fundamentals-timeseries endpoint,Pinned peer fundamental payload,EXTERNAL_REFERENCE,762f93009cbf683a73ca2389f9253f0f5af84c700dd754135a91b8d5795540a7,https://query2.finance.yahoo.com/ws/fundamentals-timeseries/v1/finance/timeseries/SIE.DE,2026-09-11,LATEST_AVAILABLE_TO_2026-06-30,2026-09-13,SIEMENS Cash,22813000000.00000000,EUR,source-native; same-currency ratio,22813000000.00000000,EUR,VALUATION,H6_PEER_MULTIPLE,PASS,PASS,PASS,PRIVATE_REPRODUCTION_ARCHIVE,Original archived privately; public registry preserves SHA256 and source URL. Original path: sources/valuation/SIEMENS_fundamentals.json
R3-SRC-SIEMENS-NCI,Yahoo Finance fundamentals-timeseries endpoint,Pinned peer fundamental payload,EXTERNAL_REFERENCE,762f93009cbf683a73ca2389f9253f0f5af84c700dd754135a91b8d5795540a7,https://query2.finance.yahoo.com/ws/fundamentals-timeseries/v1/finance/timeseries/SIE.DE,2026-09-11,LATEST_AVAILABLE_TO_2026-06-30,2026-09-13,SIEMENS NCI,6898000000.00000000,EUR,source-native; same-currency ratio,6898000000.00000000,EUR,VALUATION,H6_PEER_MULTIPLE,PASS,PASS,PASS,PRIVATE_REPRODUCTION_ARCHIVE,Original archived privately; public registry preserves SHA256 and source URL. Original path: sources/valuation/SIEMENS_fundamentals.json
R3-SRC-SIEMENS-REVENUE,Yahoo Finance fundamentals-timeseries endpoint,Pinned peer fundamental payload,EXTERNAL_REFERENCE,762f93009cbf683a73ca2389f9253f0f5af84c700dd754135a91b8d5795540a7,https://query2.finance.yahoo.com/ws/fundamentals-timeseries/v1/finance/timeseries/SIE.DE,2026-09-11,LATEST_AVAILABLE_TO_2026-06-30,2026-09-13,SIEMENS Revenue,81114000000.00000000,EUR,source-native; same-currency ratio,81114000000.00000000,EUR,VALUATION,H6_PEER_MULTIPLE,PASS,PASS,PASS,PRIVATE_REPRODUCTION_ARCHIVE,Original archived privately; public registry preserves SHA256 and source URL. Original path: sources/valuation/SIEMENS_fundamentals.json
R3-SRC-SIEMENS-EBITDA,Yahoo Finance fundamentals-timeseries endpoint,Pinned peer fundamental payload,EXTERNAL_REFERENCE,762f93009cbf683a73ca2389f9253f0f5af84c700dd754135a91b8d5795540a7,https://query2.finance.yahoo.com/ws/fundamentals-timeseries/v1/finance/timeseries/SIE.DE,2026-09-11,LATEST_AVAILABLE_TO_2026-06-30,2026-09-13,SIEMENS EBITDA,16775000000.00000000,EUR,source-native; same-currency ratio,16775000000.00000000,EUR,VALUATION,H6_PEER_MULTIPLE,PASS,PASS,PASS,PRIVATE_REPRODUCTION_ARCHIVE,Original archived privately; public registry preserves SHA256 and source URL. Original path: sources/valuation/SIEMENS_fundamentals.json
R3-SRC-SIEMENS-EBIT,Yahoo Finance fundamentals-timeseries endpoint,Pinned peer fundamental payload,EXTERNAL_REFERENCE,762f93009cbf683a73ca2389f9253f0f5af84c700dd754135a91b8d5795540a7,https://query2.finance.yahoo.com/ws/fundamentals-timeseries/v1/finance/timeseries/SIE.DE,2026-09-11,LATEST_AVAILABLE_TO_2026-06-30,2026-09-13,SIEMENS EBIT,13274000000.00000000,EUR,source-native; same-currency ratio,13274000000.00000000,EUR,VALUATION,H6_PEER_MULTIPLE,PASS,PASS,PASS,PRIVATE_REPRODUCTION_ARCHIVE,Original archived privately; public registry preserves SHA256 and source URL. Original path: sources/valuation/SIEMENS_fundamentals.json
R3-SRC-SIEMENS-EARNINGS,Yahoo Finance fundamentals-timeseries endpoint,Pinned peer fundamental payload,EXTERNAL_REFERENCE,762f93009cbf683a73ca2389f9253f0f5af84c700dd754135a91b8d5795540a7,https://query2.finance.yahoo.com/ws/fundamentals-timeseries/v1/finance/timeseries/SIE.DE,2026-09-11,LATEST_AVAILABLE_TO_2026-06-30,2026-09-13,SIEMENS Earnings,7946000000.00000000,EUR,source-native; same-currency ratio,7946000000.00000000,EUR,VALUATION,H6_PEER_MULTIPLE,PASS,PASS,PASS,PRIVATE_REPRODUCTION_ARCHIVE,Original archived privately; public registry preserves SHA256 and source URL. Original path: sources/valuation/SIEMENS_fundamentals.json
R3-SRC-SIEMENS-BOOK_EQUITY,Yahoo Finance fundamentals-timeseries endpoint,Pinned peer fundamental payload,EXTERNAL_REFERENCE,762f93009cbf683a73ca2389f9253f0f5af84c700dd754135a91b8d5795540a7,https://query2.finance.yahoo.com/ws/fundamentals-timeseries/v1/finance/timeseries/SIE.DE,2026-09-11,LATEST_AVAILABLE_TO_2026-06-30,2026-09-13,SIEMENS Book_Equity,68260000000.00000000,EUR,source-native; same-currency ratio,68260000000.00000000,EUR,VALUATION,H6_PEER_MULTIPLE,PASS,PASS,PASS,PRIVATE_REPRODUCTION_ARCHIVE,Original archived privately; public registry preserves SHA256 and source URL. Original path: sources/valuation/SIEMENS_fundamentals.json
R3-SRC-ABB-PRICE,Yahoo Finance chart endpoint,Pinned peer price payload,EXTERNAL_REFERENCE,db3bbcef80155b16a74f8f58e99d8af0319ceeae6413abe372c71846fb6ca4f8,https://query1.finance.yahoo.com/v8/finance/chart/ABBN.SW,2026-09-11,2026-09-11,2026-09-13,ABB share price,78.66000366,USD_PER_SHARE,none,78.66000366,USD_PER_SHARE,VALUATION,H6_PEER_MARKET_DATA,PASS,PASS,PASS,PRIVATE_REPRODUCTION_ARCHIVE,Original archived privately; public registry preserves SHA256 and source URL. Original path: sources/valuation/ABB_price.json
R3-SRC-ABB-SHARES,Yahoo Finance fundamentals-timeseries endpoint,Pinned peer fundamental payload,EXTERNAL_REFERENCE,79754e00086deca83b94d4199728b7a10f6366f587ba38e86e4ca6abcf77f116,https://query2.finance.yahoo.com/ws/fundamentals-timeseries/v1/finance/timeseries/ABBN.SW,2026-09-11,LATEST_AVAILABLE_TO_2026-06-30,2026-09-13,ABB Shares,1815147741.00000000,USD,source-native; same-currency ratio,1815147741.00000000,USD,VALUATION,H6_PEER_MULTIPLE,PASS,PASS,PASS,PRIVATE_REPRODUCTION_ARCHIVE,Original archived privately; public registry preserves SHA256 and source URL. Original path: sources/valuation/ABB_fundamentals.json
R3-SRC-ABB-DEBT,Yahoo Finance fundamentals-timeseries endpoint,Pinned peer fundamental payload,EXTERNAL_REFERENCE,79754e00086deca83b94d4199728b7a10f6366f587ba38e86e4ca6abcf77f116,https://query2.finance.yahoo.com/ws/fundamentals-timeseries/v1/finance/timeseries/ABBN.SW,2026-09-11,LATEST_AVAILABLE_TO_2026-06-30,2026-09-13,ABB Debt,8982000000.00000000,USD,source-native; same-currency ratio,8982000000.00000000,USD,VALUATION,H6_PEER_MULTIPLE,PASS,PASS,PASS,PRIVATE_REPRODUCTION_ARCHIVE,Original archived privately; public registry preserves SHA256 and source URL. Original path: sources/valuation/ABB_fundamentals.json
R3-SRC-ABB-CASH,Yahoo Finance fundamentals-timeseries endpoint,Pinned peer fundamental payload,EXTERNAL_REFERENCE,79754e00086deca83b94d4199728b7a10f6366f587ba38e86e4ca6abcf77f116,https://query2.finance.yahoo.com/ws/fundamentals-timeseries/v1/finance/timeseries/ABBN.SW,2026-09-11,LATEST_AVAILABLE_TO_2026-06-30,2026-09-13,ABB Cash,5857000000.00000000,USD,source-native; same-currency ratio,5857000000.00000000,USD,VALUATION,H6_PEER_MULTIPLE,PASS,PASS,PASS,PRIVATE_REPRODUCTION_ARCHIVE,Original archived privately; public registry preserves SHA256 and source URL. Original path: sources/valuation/ABB_fundamentals.json
R3-SRC-ABB-NCI,Yahoo Finance fundamentals-timeseries endpoint,Pinned peer fundamental payload,EXTERNAL_REFERENCE,79754e00086deca83b94d4199728b7a10f6366f587ba38e86e4ca6abcf77f116,https://query2.finance.yahoo.com/ws/fundamentals-timeseries/v1/finance/timeseries/ABBN.SW,2026-09-11,LATEST_AVAILABLE_TO_2026-06-30,2026-09-13,ABB NCI,506000000.00000000,USD,source-native; same-currency ratio,506000000.00000000,USD,VALUATION,H6_PEER_MULTIPLE,PASS,PASS,PASS,PRIVATE_REPRODUCTION_ARCHIVE,Original archived privately; public registry preserves SHA256 and source URL. Original path: sources/valuation/ABB_fundamentals.json
R3-SRC-ABB-REVENUE,Yahoo Finance fundamentals-timeseries endpoint,Pinned peer fundamental payload,EXTERNAL_REFERENCE,79754e00086deca83b94d4199728b7a10f6366f587ba38e86e4ca6abcf77f116,https://query2.finance.yahoo.com/ws/fundamentals-timeseries/v1/finance/timeseries/ABBN.SW,2026-09-11,LATEST_AVAILABLE_TO_2026-06-30,2026-09-13,ABB Revenue,35752000000.00000000,USD,source-native; same-currency ratio,35752000000.00000000,USD,VALUATION,H6_PEER_MULTIPLE,PASS,PASS,PASS,PRIVATE_REPRODUCTION_ARCHIVE,Original archived privately; public registry preserves SHA256 and source URL. Original path: sources/valuation/ABB_fundamentals.json
R3-SRC-ABB-EBITDA,Yahoo Finance fundamentals-timeseries endpoint,Pinned peer fundamental payload,EXTERNAL_REFERENCE,79754e00086deca83b94d4199728b7a10f6366f587ba38e86e4ca6abcf77f116,https://query2.finance.yahoo.com/ws/fundamentals-timeseries/v1/finance/timeseries/ABBN.SW,2026-09-11,LATEST_AVAILABLE_TO_2026-06-30,2026-09-13,ABB EBITDA,7585000000.00000000,USD,source-native; same-currency ratio,7585000000.00000000,USD,VALUATION,H6_PEER_MULTIPLE,PASS,PASS,PASS,PRIVATE_REPRODUCTION_ARCHIVE,Original archived privately; public registry preserves SHA256 and source URL. Original path: sources/valuation/ABB_fundamentals.json
R3-SRC-ABB-EBIT,Yahoo Finance fundamentals-timeseries endpoint,Pinned peer fundamental payload,EXTERNAL_REFERENCE,79754e00086deca83b94d4199728b7a10f6366f587ba38e86e4ca6abcf77f116,https://query2.finance.yahoo.com/ws/fundamentals-timeseries/v1/finance/timeseries/ABBN.SW,2026-09-11,LATEST_AVAILABLE_TO_2026-06-30,2026-09-13,ABB EBIT,6730000000.00000000,USD,source-native; same-currency ratio,6730000000.00000000,USD,VALUATION,H6_PEER_MULTIPLE,PASS,PASS,PASS,PRIVATE_REPRODUCTION_ARCHIVE,Original archived privately; public registry preserves SHA256 and source URL. Original path: sources/valuation/ABB_fundamentals.json
R3-SRC-ABB-EARNINGS,Yahoo Finance fundamentals-timeseries endpoint,Pinned peer fundamental payload,EXTERNAL_REFERENCE,79754e00086deca83b94d4199728b7a10f6366f587ba38e86e4ca6abcf77f116,https://query2.finance.yahoo.com/ws/fundamentals-timeseries/v1/finance/timeseries/ABBN.SW,2026-09-11,LATEST_AVAILABLE_TO_2026-06-30,2026-09-13,ABB Earnings,5036000000.00000000,USD,source-native; same-currency ratio,5036000000.00000000,USD,VALUATION,H6_PEER_MULTIPLE,PASS,PASS,PASS,PRIVATE_REPRODUCTION_ARCHIVE,Original archived privately; public registry preserves SHA256 and source URL. Original path: sources/valuation/ABB_fundamentals.json
R3-SRC-ABB-BOOK_EQUITY,Yahoo Finance fundamentals-timeseries endpoint,Pinned peer fundamental payload,EXTERNAL_REFERENCE,79754e00086deca83b94d4199728b7a10f6366f587ba38e86e4ca6abcf77f116,https://query2.finance.yahoo.com/ws/fundamentals-timeseries/v1/finance/timeseries/ABBN.SW,2026-09-11,LATEST_AVAILABLE_TO_2026-06-30,2026-09-13,ABB Book_Equity,15899000000.00000000,USD,source-native; same-currency ratio,15899000000.00000000,USD,VALUATION,H6_PEER_MULTIPLE,PASS,PASS,PASS,PRIVATE_REPRODUCTION_ARCHIVE,Original archived privately; public registry preserves SHA256 and source URL. Original path: sources/valuation/ABB_fundamentals.json
R3-SRC-ANNUAL-2020-_CAS_EN,Midea Group,Midea_2020_Annual_Report_CAS_EN.pdf,EXTERNAL_REFERENCE,622768db475bd93501c5df68740fa5ec3d63619512c1271218ee88c47c370bee,MIDEA_OFFICIAL_DISCLOSURE_ARCHIVE,2020,2020,2026-09-13,Audited annual financial statements and notes,PRIMARY_DOCUMENT,PDF,NONE,PRIMARY_DOCUMENT,PDF,MODEL,H1_HISTORICAL_SOURCE_REPLAY,PASS,NOT_APPLICABLE,PASS,PRIVATE_REPRODUCTION_ARCHIVE,Original archived privately; public registry preserves SHA256 and source URL. Original path: sources/operating/annual_reports/2020/Midea_2020_Annual_Report_CAS_EN.pdf
R3-SRC-ANNUAL-2021-_CAS_EN,Midea Group,Midea_2021_Annual_Report_CAS_EN.pdf,EXTERNAL_REFERENCE,0b44bd758b0ac3734c9226b40a4660a30fabae16a7f0a3d1af77e765ebb87221,MIDEA_OFFICIAL_DISCLOSURE_ARCHIVE,2021,2021,2026-09-13,Audited annual financial statements and notes,PRIMARY_DOCUMENT,PDF,NONE,PRIMARY_DOCUMENT,PDF,MODEL,H1_HISTORICAL_SOURCE_REPLAY,PASS,NOT_APPLICABLE,PASS,PRIVATE_REPRODUCTION_ARCHIVE,Original archived privately; public registry preserves SHA256 and source URL. Original path: sources/operating/annual_reports/2021/Midea_2021_Annual_Report_CAS_EN.pdf
R3-SRC-ANNUAL-2022-_CAS_EN,Midea Group,Midea_2022_Annual_Report_CAS_EN.pdf,EXTERNAL_REFERENCE,e393853f3cc4031702decec6b403f0873e0754b72c126796b997dd87e447acc9,MIDEA_OFFICIAL_DISCLOSURE_ARCHIVE,2022,2022,2026-09-13,Audited annual financial statements and notes,PRIMARY_DOCUMENT,PDF,NONE,PRIMARY_DOCUMENT,PDF,MODEL,H1_HISTORICAL_SOURCE_REPLAY,PASS,NOT_APPLICABLE,PASS,PRIVATE_REPRODUCTION_ARCHIVE,Original archived privately; public registry preserves SHA256 and source URL. Original path: sources/operating/annual_reports/2022/Midea_2022_Annual_Report_CAS_EN.pdf
R3-SRC-ANNUAL-2023-_CAS_EN,Midea Group,Midea_2023_Annual_Report_CAS_EN.pdf,EXTERNAL_REFERENCE,f2ef742efb51e27bb5154398cabeb2f3174349d95d001ad23e5c4ccf7f6f4130,MIDEA_OFFICIAL_DISCLOSURE_ARCHIVE,2023,2023,2026-09-13,Audited annual financial statements and notes,PRIMARY_DOCUMENT,PDF,NONE,PRIMARY_DOCUMENT,PDF,MODEL,H1_HISTORICAL_SOURCE_REPLAY,PASS,NOT_APPLICABLE,PASS,PRIVATE_REPRODUCTION_ARCHIVE,Original archived privately; public registry preserves SHA256 and source URL. Original path: sources/operating/annual_reports/2023/Midea_2023_Annual_Report_CAS_EN.pdf
R3-SRC-ANNUAL-2024-ort_CAS,Midea Group,Midea_2024_Annual_Report_CAS.pdf,EXTERNAL_REFERENCE,b17a9b9b84bca1d2a4e4a3cadc5dd5ba5c85e3f1fd2d758acd3315b5b040ecd9,MIDEA_OFFICIAL_DISCLOSURE_ARCHIVE,2024,2024,2026-09-13,Audited annual financial statements and notes,PRIMARY_DOCUMENT,PDF,NONE,PRIMARY_DOCUMENT,PDF,MODEL,H1_HISTORICAL_SOURCE_REPLAY,PASS,NOT_APPLICABLE,PASS,PRIVATE_REPRODUCTION_ARCHIVE,Original archived privately; public registry preserves SHA256 and source URL. Original path: sources/operating/annual_reports/2024/Midea_2024_Annual_Report_CAS.pdf
R3-SRC-ANNUAL-2024-_CAS_CN,Midea Group,Midea_2024_Annual_Report_CAS_CN.pdf,EXTERNAL_REFERENCE,c298a33cdb95f1d53acfd02ed98e9b47e968c34174be0a06556bb101b26abb96,MIDEA_OFFICIAL_DISCLOSURE_ARCHIVE,2024,2024,2026-09-13,Audited annual financial statements and notes,PRIMARY_DOCUMENT,PDF,NONE,PRIMARY_DOCUMENT,PDF,MODEL,H1_HISTORICAL_SOURCE_REPLAY,PASS,NOT_APPLICABLE,PASS,PRIVATE_REPRODUCTION_ARCHIVE,Original archived privately; public registry preserves SHA256 and source URL. Original path: sources/operating/annual_reports/2024/Midea_2024_Annual_Report_CAS_CN.pdf
R3-SRC-ANNUAL-2025-_CAS_CN,Midea Group,Midea_2025_Annual_Report_CAS_CN.pdf,EXTERNAL_REFERENCE,c413ed1b993290ec98b254af4bf6ad69edb5a2230bbaec1b15702119b24d4f5c,MIDEA_OFFICIAL_DISCLOSURE_ARCHIVE,2025,2025,2026-09-13,Audited annual financial statements and notes,PRIMARY_DOCUMENT,PDF,NONE,PRIMARY_DOCUMENT,PDF,MODEL,H1_HISTORICAL_SOURCE_REPLAY,PASS,NOT_APPLICABLE,PASS,PRIVATE_REPRODUCTION_ARCHIVE,Original archived privately; public registry preserves SHA256 and source URL. Original path: sources/operating/annual_reports/2025/Midea_2025_Annual_Report_CAS_CN.pdf
R3-SRC-ANNUAL-2025-IFRS_EN,Midea Group,Midea_2025_Annual_Report_IFRS_EN.pdf,EXTERNAL_REFERENCE,d70965711c0afcaad039a5045728dd0e3235033b34cf7e5ee5b61067da8d1eb1,MIDEA_OFFICIAL_DISCLOSURE_ARCHIVE,2025,2025,2026-09-13,Audited annual financial statements and notes,PRIMARY_DOCUMENT,PDF,NONE,PRIMARY_DOCUMENT,PDF,MODEL,H1_HISTORICAL_SOURCE_REPLAY,PASS,NOT_APPLICABLE,PASS,PRIVATE_REPRODUCTION_ARCHIVE,Original archived privately; public registry preserves SHA256 and source URL. Original path: sources/operating/annual_reports/2025/Midea_2025_Annual_Report_IFRS_EN.pdf
R3-SRC-MIDEA-RATING,S&P Global (China) Ratings,Midea Group 2025 credit rating report,EXTERNAL_REFERENCE,ecf7c9da377b639b41a4362df0142ed0ba299472e9bc4931995c6e3b9a8fc68d,https://www.spgchinaratings.cn/upload/20250711_credit-rating-report_mideagroup_2025_cn.pdf,2025-07-11,2025-07-11,2026-09-13,Issuer credit profile / AAAspc rationale,AAAspc stable,RATING,supports AAA market borrowing proxy,AAAspc stable,RATING,VALUATION,COST_OF_DEBT_CREDIT_RATIONALE,PASS,PASS,PASS,PRIVATE_REPRODUCTION_ARCHIVE,Original archived privately; public registry preserves SHA256 and source URL. Original path: sources/valuation/MIDEA_SPG_CHINA_RATING_2025.pdf
