Attack_ID,Target,Baseline_SHA,Mutation,Closure_Rehash_Performed,Expected_Result,Actual_Result,Semantic_Control_Reached,Valid_Test,False_Accept
FR-R3-ATK-001,model/H3B_MODEL_LONG.csv,5eafd54840766c723afb204c5b7d2d76f96b27d13067a64da2cc4d76f395b508,H3-B forecast value,RELEASE_MANIFEST_AND_FINAL_AUTHORITY_REFRESHED,ZIP_SHA256_MISMATCH,ZIP_SHA256_MISMATCH,,True,False
FR-R3-ATK-002,model/H4_WACC_CALCULATION_R3.json,2a1ec8c3a507b1e028a1bf212f9bb2534141d2094500e52fb01f67b2bfa425a7,WACC ERP,RELEASE_MANIFEST_AND_FINAL_AUTHORITY_REFRESHED,ZIP_SHA256_MISMATCH,ZIP_SHA256_MISMATCH,,True,False
FR-R3-ATK-003,workpapers/BETA_WORKPAPER_R3.json,ed04b80ce656bc0e144b55f9e78a8729478207e42843fdabc1a34eb6373b84b5,WACC beta,RELEASE_MANIFEST_AND_FINAL_AUTHORITY_REFRESHED,ZIP_SHA256_MISMATCH,ZIP_SHA256_MISMATCH,,True,False
FR-R3-ATK-004,workpapers/COST_OF_DEBT_WORKPAPER_R3.json,0255dfa0a1670485970ba1710d422c97f85af8b06ef534b285c2aa252c6bc963,cost of debt,RELEASE_MANIFEST_AND_FINAL_AUTHORITY_REFRESHED,ZIP_SHA256_MISMATCH,ZIP_SHA256_MISMATCH,,True,False
FR-R3-ATK-005,model/H5_SCENARIO_VALUATION_R3.csv,e78440b7120552721d171d0b8258a2fc4efaa49640cc5f05bcd063a75e050f37,DCF WACC,RELEASE_MANIFEST_AND_FINAL_AUTHORITY_REFRESHED,ZIP_SHA256_MISMATCH,ZIP_SHA256_MISMATCH,,True,False
FR-R3-ATK-006,model/H5_SCENARIO_VALUATION_R3.csv,e78440b7120552721d171d0b8258a2fc4efaa49640cc5f05bcd063a75e050f37,DCF terminal growth,RELEASE_MANIFEST_AND_FINAL_AUTHORITY_REFRESHED,ZIP_SHA256_MISMATCH,ZIP_SHA256_MISMATCH,,True,False
FR-R3-ATK-007,model/H5_EV_TO_EQUITY_BRIDGE.csv,eecfd2fcfa80a01cc66e8dc4587a12c0fcfff2ca4ec344f7d66b0c1bcabfd67e,EV-to-equity bridge,RELEASE_MANIFEST_AND_FINAL_AUTHORITY_REFRESHED,ZIP_SHA256_MISMATCH,ZIP_SHA256_MISMATCH,,True,False
FR-R3-ATK-008,model/H3B_MODEL_LONG.csv,5eafd54840766c723afb204c5b7d2d76f96b27d13067a64da2cc4d76f395b508,share denominator,RELEASE_MANIFEST_AND_FINAL_AUTHORITY_REFRESHED,ZIP_SHA256_MISMATCH,ZIP_SHA256_MISMATCH,,True,False
FR-R3-ATK-009,model/H6_NORMALIZED_PEER_DATA_R3.csv,5a2e01952672ea47367c94d537c29517e9e0af29eca63a3faa5c6dac91fb979f,H6 peer price,RELEASE_MANIFEST_AND_FINAL_AUTHORITY_REFRESHED,ZIP_SHA256_MISMATCH,ZIP_SHA256_MISMATCH,,True,False
FR-R3-ATK-010,model/H6_NORMALIZED_PEER_DATA_R3.csv,5a2e01952672ea47367c94d537c29517e9e0af29eca63a3faa5c6dac91fb979f,H6 peer debt,RELEASE_MANIFEST_AND_FINAL_AUTHORITY_REFRESHED,ZIP_SHA256_MISMATCH,ZIP_SHA256_MISMATCH,,True,False
FR-R3-ATK-011,model/H6_PEER_PERIOD_REGISTRY_R3.csv,9bc9385fcd8b0255e1624edd1c7d56ce33840af3f7db7f77ac86df677bc06d61,H6 denominator period,RELEASE_MANIFEST_AND_FINAL_AUTHORITY_REFRESHED,ZIP_SHA256_MISMATCH,ZIP_SHA256_MISMATCH,,True,False
FR-R3-ATK-012,model/H6_COMPS_VALUATION_R3.csv,3d4b07949cf36b793515f03f92f15f67b55041c0dfd091fad97eb6ec5b4b607e,H6 selected multiple,RELEASE_MANIFEST_AND_FINAL_AUTHORITY_REFRESHED,ZIP_SHA256_MISMATCH,ZIP_SHA256_MISMATCH,,True,False
FR-R3-ATK-013,verification_inputs/authorities/H7_AUTHORITY_R3.json,b09e0004f275838ee5c470cbe83991f1df5a1e49c5cd7695b12eac51086b38eb,H7 synthesis,RELEASE_MANIFEST_AND_FINAL_AUTHORITY_REFRESHED,ZIP_SHA256_MISMATCH,ZIP_SHA256_MISMATCH,,True,False
FR-R3-ATK-014,sources/valuation/000333_SZ_5Y_MONTHLY.json,b7104db79a5d463319a66012725785bb5d6c289ca106aa9ef4d5744393bbe867,market price,RELEASE_MANIFEST_AND_FINAL_AUTHORITY_REFRESHED,ZIP_SHA256_MISMATCH,ZIP_SHA256_MISMATCH,,True,False
FR-R3-ATK-015,sources/FINAL_SOURCE_REGISTRY_R3.csv,7b368992c3af7f97a858b985879a6455ac8f341d89448ef8475fbf8de5af84a6,source registry,RELEASE_MANIFEST_AND_FINAL_AUTHORITY_REFRESHED,ZIP_SHA256_MISMATCH,ZIP_SHA256_MISMATCH,,True,False
FR-R3-ATK-016,excel/MIDEA_GROUP_INSTITUTIONAL_MODEL_R3.xlsx,39b29f99588ecf6eb0fb155da17611a82e7979318380f61c0e067a6ecd454d84,Excel DCF value,RELEASE_MANIFEST_AND_FINAL_AUTHORITY_REFRESHED,ZIP_SHA256_MISMATCH,ZIP_SHA256_MISMATCH,,True,False
FR-R3-ATK-017,excel/MIDEA_GROUP_INSTITUTIONAL_MODEL_R3.xlsx,39b29f99588ecf6eb0fb155da17611a82e7979318380f61c0e067a6ecd454d84,Excel comps value,RELEASE_MANIFEST_AND_FINAL_AUTHORITY_REFRESHED,ZIP_SHA256_MISMATCH,ZIP_SHA256_MISMATCH,,True,False
FR-R3-ATK-018,model/MIDEA_GROUP_FINAL_MODEL_R3.sqlite,1f2baa39860542204a0a8c9a0cf880303d83a04a0126757930ef86bd3e581b3b,SQLite valuation value,RELEASE_MANIFEST_AND_FINAL_AUTHORITY_REFRESHED,ZIP_SHA256_MISMATCH,ZIP_SHA256_MISMATCH,,True,False
FR-R3-ATK-019,documents/MIDEA_GROUP_INVESTMENT_MEMO_R3.pdf,3477163894faa4be4e0becac5248cd11ed3beeb64eef3fc236e78e19de4214fb,PDF fair-value figure,RELEASE_MANIFEST_AND_FINAL_AUTHORITY_REFRESHED,ZIP_SHA256_MISMATCH,ZIP_SHA256_MISMATCH,,True,False
FR-R3-ATK-020,documents/MIDEA_GROUP_INVESTMENT_MEMO_R3.pdf,3477163894faa4be4e0becac5248cd11ed3beeb64eef3fc236e78e19de4214fb,investment memo fair value,RELEASE_MANIFEST_AND_FINAL_AUTHORITY_REFRESHED,ZIP_SHA256_MISMATCH,ZIP_SHA256_MISMATCH,,True,False
FR-R3-ATK-021,dashboard/app.py,024a6df5e939e42d44f618c9d6aa1a8ac30620e366db4be99c2051db45a9be98,dashboard value,RELEASE_MANIFEST_AND_FINAL_AUTHORITY_REFRESHED,ZIP_SHA256_MISMATCH,ZIP_SHA256_MISMATCH,,True,False
FR-R3-ATK-022,verifier/final_calculation_verifier.py,590784e398aed90eab412b5fdbe7f795548fa350da8c8a15c0296294a79d8390,public verifier,RELEASE_MANIFEST_AND_FINAL_AUTHORITY_REFRESHED,ZIP_SHA256_MISMATCH,ZIP_SHA256_MISMATCH,,True,False
FR-R3-ATK-023,verifier/end_to_end_verifier.py,fe206ba2f28ecd8b73b6cb856c3c6eeb28d56594bf0efe797d158059544497c3,end-to-end verifier,RELEASE_MANIFEST_AND_FINAL_AUTHORITY_REFRESHED,ZIP_SHA256_MISMATCH,ZIP_SHA256_MISMATCH,,True,False
FR-R3-ATK-024,FINAL_VALUATION_AUTHORITY_R3.json,2972d606eba5ae9715e98adc9cdc2c91d66d392c04d49b2e04758f1ce70a49c4,final valuation authority,RELEASE_MANIFEST_AND_FINAL_AUTHORITY_REFRESHED,ZIP_SHA256_MISMATCH,ZIP_SHA256_MISMATCH,,True,False
FR-R3-ATK-025,RELEASE_MANIFEST_R3.json,9823c6fb89444e25210a5957b0d374d96e81fca7e9376274bda3fe676d5fee0c,release manifest,RELEASE_MANIFEST_AND_FINAL_AUTHORITY_REFRESHED,ZIP_SHA256_MISMATCH,ZIP_SHA256_MISMATCH,,True,False
FR-R3-ATK-026,model/H6_NORMALIZED_PEER_DATA_R3.csv,5a2e01952672ea47367c94d537c29517e9e0af29eca63a3faa5c6dac91fb979f,H6 peer earnings,RELEASE_MANIFEST_AND_FINAL_AUTHORITY_REFRESHED,ZIP_SHA256_MISMATCH,ZIP_SHA256_MISMATCH,,True,False
FR-R3-ATK-027,model/H3B_MODEL_LONG.csv,5eafd54840766c723afb204c5b7d2d76f96b27d13067a64da2cc4d76f395b508,full operating NWC,RELEASE_MANIFEST_AND_FINAL_AUTHORITY_REFRESHED,ZIP_SHA256_MISMATCH,ZIP_SHA256_MISMATCH,,True,False
FR-R3-ATK-028,model/H3B_PPE_SCHEDULE.csv,a5d1028f2d19617f77e904b97f2e6761948c107fb8e56c0f53bea9575f143617,PPE schedule,RELEASE_MANIFEST_AND_FINAL_AUTHORITY_REFRESHED,ZIP_SHA256_MISMATCH,ZIP_SHA256_MISMATCH,,True,False
FR-R3-ATK-029,model/H3B_DEBT_SCHEDULE.csv,c3a4c37200975f8731b07b65d6ce3594dd0fc3b46613e97ea04ef583fbd9790a,debt schedule,RELEASE_MANIFEST_AND_FINAL_AUTHORITY_REFRESHED,ZIP_SHA256_MISMATCH,ZIP_SHA256_MISMATCH,,True,False
FR-R3-ATK-030,model/H3B_MODEL_LONG.csv,5eafd54840766c723afb204c5b7d2d76f96b27d13067a64da2cc4d76f395b508,NCI bridge,RELEASE_MANIFEST_AND_FINAL_AUTHORITY_REFRESHED,ZIP_SHA256_MISMATCH,ZIP_SHA256_MISMATCH,,True,False
FR-R3-ATK-031,model/H3B_CASH_TAXONOMY_RECONCILIATION.csv,1ba6c015869b1d8e1bba7c78874819a64e1487ef3902046d570d46cce390eaa3,cash taxonomy,RELEASE_MANIFEST_AND_FINAL_AUTHORITY_REFRESHED,ZIP_SHA256_MISMATCH,ZIP_SHA256_MISMATCH,,True,False
FR-R3-ATK-032,model/MATERIAL_METRIC_SEMANTICS_R3.csv,2aae73e76073d5c39e2bdf30451e0802bdd9c277c6221cd203c2b9709d8a85a2,formula semantics,RELEASE_MANIFEST_AND_FINAL_AUTHORITY_REFRESHED,ZIP_SHA256_MISMATCH,ZIP_SHA256_MISMATCH,,True,False
FR-R3-ATK-033,documents/MIDEA_GROUP_FINAL_VALUATION_REPORT_R3.docx,d95f4dc9b54e627ac53c895d66ddf013bd2313ab65c058f66818254d540dc8f7,valuation report,RELEASE_MANIFEST_AND_FINAL_AUTHORITY_REFRESHED,ZIP_SHA256_MISMATCH,ZIP_SHA256_MISMATCH,,True,False
FR-R3-ATK-034,verification_inputs/registries/H1_IDENTITY_DEFINITION_REGISTRY.csv,172f4455dd2376981bb5b364c2696f8308ba0229d0782f976fb2048824096ae3,H1 identity definitions,RELEASE_MANIFEST_AND_FINAL_AUTHORITY_REFRESHED,ZIP_SHA256_MISMATCH,ZIP_SHA256_MISMATCH,,True,False
FR-R3-NWC-001,workpapers/FINAL_OPERATING_NWC_FORMULA.json,aa907b1fa5816f78ff066d5d4131d6019d8e58639fa532ca1fe3e33e9be92155,remove notes receivable from NWC,RELEASE_MANIFEST_AND_FINAL_AUTHORITY_REFRESHED,ZIP_SHA256_MISMATCH,ZIP_SHA256_MISMATCH,True,True,False
FR-R3-NWC-002,workpapers/FINAL_OPERATING_NWC_FORMULA.json,aa907b1fa5816f78ff066d5d4131d6019d8e58639fa532ca1fe3e33e9be92155,add notes receivable improperly,RELEASE_MANIFEST_AND_FINAL_AUTHORITY_REFRESHED,ZIP_SHA256_MISMATCH,ZIP_SHA256_MISMATCH,True,True,False
FR-R3-NWC-003,workpapers/FINAL_OPERATING_NWC_FORMULA.json,aa907b1fa5816f78ff066d5d4131d6019d8e58639fa532ca1fe3e33e9be92155,remove receivables financing,RELEASE_MANIFEST_AND_FINAL_AUTHORITY_REFRESHED,ZIP_SHA256_MISMATCH,ZIP_SHA256_MISMATCH,True,True,False
FR-R3-NWC-004,workpapers/FINAL_OPERATING_NWC_FORMULA.json,aa907b1fa5816f78ff066d5d4131d6019d8e58639fa532ca1fe3e33e9be92155,make H3B receivables financing non-operating while H5 remains operating,RELEASE_MANIFEST_AND_FINAL_AUTHORITY_REFRESHED,ZIP_SHA256_MISMATCH,ZIP_SHA256_MISMATCH,True,True,False
FR-R3-NWC-005,model/H5_EV_TO_EQUITY_BRIDGE.csv,eecfd2fcfa80a01cc66e8dc4587a12c0fcfff2ca4ec344f7d66b0c1bcabfd67e,double-count receivables financing in FCFF and EV bridge,RELEASE_MANIFEST_AND_FINAL_AUTHORITY_REFRESHED,ZIP_SHA256_MISMATCH,ZIP_SHA256_MISMATCH,True,True,False
FR-R3-NWC-006,workpapers/FINAL_OPERATING_NWC_FORMULA.json,aa907b1fa5816f78ff066d5d4131d6019d8e58639fa532ca1fe3e33e9be92155,invert NWC sign,RELEASE_MANIFEST_AND_FINAL_AUTHORITY_REFRESHED,ZIP_SHA256_MISMATCH,ZIP_SHA256_MISMATCH,True,True,False
FR-R3-NWC-007,workpapers/FINAL_OPERATING_NWC_FORMULA.json,aa907b1fa5816f78ff066d5d4131d6019d8e58639fa532ca1fe3e33e9be92155,use current-year NWC instead of delta NWC,RELEASE_MANIFEST_AND_FINAL_AUTHORITY_REFRESHED,ZIP_SHA256_MISMATCH,ZIP_SHA256_MISMATCH,True,True,False
FR-R3-NWC-008,workpapers/FINAL_OPERATING_NWC_FORMULA.json,aa907b1fa5816f78ff066d5d4131d6019d8e58639fa532ca1fe3e33e9be92155,omit one operating NWC account,RELEASE_MANIFEST_AND_FINAL_AUTHORITY_REFRESHED,ZIP_SHA256_MISMATCH,ZIP_SHA256_MISMATCH,True,True,False
FR-R3-NWC-009,workpapers/FINAL_OPERATING_NWC_FORMULA.json,aa907b1fa5816f78ff066d5d4131d6019d8e58639fa532ca1fe3e33e9be92155,add financing account to NWC,RELEASE_MANIFEST_AND_FINAL_AUTHORITY_REFRESHED,ZIP_SHA256_MISMATCH,ZIP_SHA256_MISMATCH,True,True,False
FR-R3-NWC-010,workpapers/FINAL_OPERATING_NWC_FORMULA.json,aa907b1fa5816f78ff066d5d4131d6019d8e58639fa532ca1fe3e33e9be92155,change taxes-payable treatment,RELEASE_MANIFEST_AND_FINAL_AUTHORITY_REFRESHED,ZIP_SHA256_MISMATCH,ZIP_SHA256_MISMATCH,True,True,False
